Datum,User,Channel,Inhalt,Status,MessageID
10.11.2025 13:31:24,sir_von_avatok,洧내洧냗洧냜-洧뉧롏쇓롏쉻롏洧,"Hallo, <@529679775753830410>",original,1437419375295729748
10.11.2025 13:31:52,sir_von_avatok,洧내洧냗洧냜-洧뉧롏쇓롏쉻롏洧,Wie geht es dir?,original,1437419493721899039
10.11.2025 13:32:12,sir_von_avatok,洧내洧냗洧냜-洧뉧롏쇓롏쉻롏洧-洧릟,Test Nachricht 1,original,1437419577221840958
10.11.2025 13:32:19,sir_von_avatok,洧내洧냗洧냜-洧뉧롏쇓롏쉻롏洧-洧릟,Test Nachricht X,original,1437419606103949322
10.11.2025 13:32:26,sir_von_avatok,洧내洧냗洧냜-洧뉧롏쇓롏쉻롏洧-洧릠,Ich mag Z칲ge,original,1437419637716549693
10.11.2025 13:33:24,.pataz,洧내洧냗洧냜-洧뉧롏쇓롏쉻롏洧,Mirgeht es gut danje !!!!!!!!!!!!!!!!,bearbeitet,1437419841760792707
10.11.2025 13:33:16,.pataz,洧내洧냗洧냜-洧뉧롏쇓롏쉻롏洧,Selber?,original,1437419848580989048
10.11.2025 13:33:32,sir_von_avatok,洧내洧냗洧냜-洧뉧롏쇓롏쉻롏洧,Mir geht es auch gut,original,1437419913752088576
10.11.2025 13:33:39,.pataz,洧내洧냗洧냜-洧뉧롏쇓롏쉻롏洧-洧릟,Halloooooooooooooo,original,1437419943678181584
10.11.2025 13:33:43,.pataz,洧내洧냗洧냜-洧뉧롏쇓롏쉻롏洧-洧릠,Halooooooooooo,original,1437419960052879381
10.11.2025 13:33:47,sir_von_avatok,洧내洧냗洧냜-洧뉧롏쇓롏쉻롏洧-洧릟,https://tenor.com/view/pesado-dios-mio-stressed-problematic-oh-no-gif-12622815322168322147,original,1437419975802622004
10.11.2025 13:33:55,sir_von_avatok,洧내洧냗洧냜-洧뉧롏쇓롏쉻롏洧-洧릠,https://tenor.com/view/scaler-create-impact-relax-gif-25012098,bearbeitet,1437420011546476708
10.11.2025 13:34:20,sir_von_avatok,洧내洧냗洧냜-洧뉧롏쇓롏쉻롏洧,Wie l칛uft das Training <@529679775753830410>,original,1437420113962860595
10.11.2025 13:37:11,.pataz,洧내洧냗洧냜-洧뉧롏쇓롏쉻롏洧,ds,gel칬scht,1437420672572981378
10.11.2025 13:37:08,.pataz,洧내洧냗洧냜-洧뉧롏쇓롏쉻롏洧,<#1434932205561315372> ad,gel칬scht,1437420673910964235
10.11.2025 13:36:52,.pataz,洧내洧냗洧냜-洧뉧롏쇓롏쉻롏洧,fa,gel칬scht,1437420675529707611
10.11.2025 13:36:57,.pataz,洧내洧냗洧냜-洧뉧롏쇓롏쉻롏洧,ad,gel칬scht,1437420693787512832
10.11.2025 13:37:00,.pataz,洧내洧냗洧냜-洧뉧롏쇓롏쉻롏洧,asd,gel칬scht,1437420695125491752
10.11.2025 13:37:03,.pataz,洧내洧냗洧냜-洧뉧롏쇓롏쉻롏洧,da,gel칬scht,1437420696660607006
10.11.2025 13:37:06,.pataz,洧내洧냗洧냜-洧뉧롏쇓롏쉻롏洧,sda,gel칬scht,1437420698321555466
10.11.2025 13:37:10,.pataz,洧내洧냗洧냜-洧뉧롏쇓롏쉻롏洧,Ich liebe DSAI,original,1437420829259595827
10.11.2025 13:37:14,.pataz,洧내洧냗洧냜-洧뉧롏쇓롏쉻롏洧,is mein Lieblingsfach,original,1437420845151555674
10.11.2025 13:37:21,sir_von_avatok,洧내洧냗洧냜-洧뉧롏쇓롏쉻롏洧,Meines auch,original,1437420872712589334
10.11.2025 13:37:26,sir_von_avatok,洧내洧냗洧냜-洧뉧롏쇓롏쉻롏洧,Was ist deine Meinung zu POS?,original,1437420894027780169
10.11.2025 13:37:35,.pataz,洧내洧냗洧냜-洧뉧롏쇓롏쉻롏洧,POS < DSAI,original,1437420931092844761
10.11.2025 13:37:38,sir_von_avatok,洧내洧냗洧냜-洧뉧롏쇓롏쉻롏洧,Ahh  verstehe,original,1437420945408000033
10.11.2025 13:37:42,sir_von_avatok,洧내洧냗洧냜-洧뉧롏쇓롏쉻롏洧,https://tenor.com/view/clapping-leonardo-dicaprio-leo-dicaprio-well-done-applause-gif-1867988353188143738,original,1437420962852114432
10.11.2025 13:38:21,.pataz,洧내洧냗洧냜-洧뉧롏쇓롏쉻롏洧,Was denkst du 칲ber Spengergasse Ausbildung mi Zukunft?,original,1437421127281676331
10.11.2025 13:38:31,.pataz,洧내洧냗洧냜-洧뉧롏쇓롏쉻롏洧,wo nciht mal das WLAN funktioniert,original,1437421169207672883
10.11.2025 13:38:32,sir_von_avatok,洧내洧냗洧냜-洧뉧롏쇓롏쉻롏洧,Das O steht f칲r Organisation,original,1437421172265582743
10.11.2025 13:48:37,user33,洧내洧냗洧냜-洧뉧롏쇓롏쉻롏洧-洧릠,Mir geht es gut 游눮,original,1383224395509834506
10.11.2025 14:17:36,user42,洧내洧냗洧냜-洧뉧롏쇓롏쉻롏洧-洧릠,Was denkst du dar칲ber?,original,5405264682286755598
10.11.2025 14:34:05,user48,洧내洧냗洧냜-洧뉧롏쇓롏쉻롏洧-洧릠,Was machst du? 仇벒잺,bearbeitet,4011102347802619468
10.11.2025 14:48:41,user20,洧내洧냗洧냜-洧뉧롏쇓롏쉻롏洧-洧릠,Was denkst du dar칲ber?,gel칬scht,8959441142438442939
10.11.2025 15:07:41,user14,洧내洧냗洧냜-洧뉧롏쇓롏쉻롏洧-洧릟,Hast du trainiert?,bearbeitet,7932132857144764813
10.11.2025 15:30:03,user20,洧내洧냗洧냜-洧뉧롏쇓롏쉻롏洧,Was denkst du dar칲ber? 仇벒잺,original,5681446418984104328
10.11.2025 15:51:07,user16,洧내洧냗洧냜-洧뉧롏쇓롏쉻롏洧-洧릟,Was machst du?,original,7404646396713931523
10.11.2025 16:19:09,user31,洧내洧냗洧냜-洧뉧롏쇓롏쉻롏洧,Hast du trainiert?,original,9257205719979008889
10.11.2025 16:43:15,user22,洧내洧냗洧냜-洧뉧롏쇓롏쉻롏洧,Alles bestens,original,3090154331702587633
10.11.2025 17:11:55,user10,洧내洧냗洧냜-洧뉧롏쇓롏쉻롏洧,Ich mag Z칲ge 游뱂,original,3050577084130134800
10.11.2025 17:37:32,user25,洧내洧냗洧냜-洧뉧롏쇓롏쉻롏洧-洧릟,Ich mag Z칲ge,bearbeitet,2062486652576621666
10.11.2025 17:44:47,user01,洧내洧냗洧냜-洧뉧롏쇓롏쉻롏洧-洧릠,Was machst du?,original,5715714417592023661
10.11.2025 17:54:07,user01,洧내洧냗洧냜-洧뉧롏쇓롏쉻롏洧-洧릟,Hi,original,6825385715203580235
10.11.2025 18:17:56,user32,洧내洧냗洧냜-洧뉧롏쇓롏쉻롏洧-洧릟,Wie geht es dir? 游,original,7289947556539535812
10.11.2025 18:32:25,user29,洧내洧냗洧냜-洧뉧롏쇓롏쉻롏洧-洧릟,Das ist lustig 游땍 游댠,original,3207743428221694544
10.11.2025 18:39:17,user20,洧내洧냗洧냜-洧뉧롏쇓롏쉻롏洧,Hast du trainiert?,original,4930192494207796804
10.11.2025 19:00:17,user18,洧내洧냗洧냜-洧뉧롏쇓롏쉻롏洧-洧릟,Keine Ahnung 游뱂,original,8604035123186678152
10.11.2025 19:17:06,user01,洧내洧냗洧냜-洧뉧롏쇓롏쉻롏洧-洧릟,Was machst du? 游녨,original,5573171592221400524
10.11.2025 19:19:48,user29,洧내洧냗洧냜-洧뉧롏쇓롏쉻롏洧,Hast du trainiert? 游땙,original,4866982855594088600
10.11.2025 19:33:44,user08,洧내洧냗洧냜-洧뉧롏쇓롏쉻롏洧-洧릟,Was machst du?,original,1447144655915854479
10.11.2025 19:56:30,user44,洧내洧냗洧냜-洧뉧롏쇓롏쉻롏洧-洧릟,Hast du trainiert?,original,6801766446680542818
10.11.2025 20:17:47,user11,洧내洧냗洧냜-洧뉧롏쇓롏쉻롏洧-洧릠,Was machst du?,original,2513601101268952540
10.11.2025 20:32:30,user50,洧내洧냗洧냜-洧뉧롏쇓롏쉻롏洧-洧릟,Wie geht es dir?,original,5584981782420779760
10.11.2025 20:48:53,user08,洧내洧냗洧냜-洧뉧롏쇓롏쉻롏洧-洧릟,Was machst du?,original,1804435050312141943
10.11.2025 21:12:30,user33,洧내洧냗洧냜-洧뉧롏쇓롏쉻롏洧-洧릟,Guten Tag 游눮,bearbeitet,4155298810121465831
10.11.2025 21:26:18,user22,洧내洧냗洧냜-洧뉧롏쇓롏쉻롏洧-洧릠,Was denkst du dar칲ber?,original,7506124650519232482
10.11.2025 21:54:40,user30,洧내洧냗洧냜-洧뉧롏쇓롏쉻롏洧-洧릟,Mir geht es gut 游녨,bearbeitet,9278015740466390311
10.11.2025 22:21:32,user10,洧내洧냗洧냜-洧뉧롏쇓롏쉻롏洧-洧릠,Mir geht es gut 游땙,bearbeitet,1021260746796700911
10.11.2025 22:46:58,user19,洧내洧냗洧냜-洧뉧롏쇓롏쉻롏洧-洧릠,Wie geht es dir? 游,original,4371942194291040585
10.11.2025 23:03:25,user24,洧내洧냗洧냜-洧뉧롏쇓롏쉻롏洧,Hast du trainiert? 游땙,original,6427893252868743308
10.11.2025 23:19:12,user38,洧내洧냗洧냜-洧뉧롏쇓롏쉻롏洧-洧릠,Hallo,original,9179850655396708342
10.11.2025 23:42:58,user43,洧내洧냗洧냜-洧뉧롏쇓롏쉻롏洧,Keine Ahnung 游뱂,original,8179363990400749633
10.11.2025 23:50:32,user26,洧내洧냗洧냜-洧뉧롏쇓롏쉻롏洧,Wie geht es dir?,original,6785887841637647864
11.11.2025 00:13:11,user31,洧내洧냗洧냜-洧뉧롏쇓롏쉻롏洧-洧릟,Was denkst du dar칲ber?,gel칬scht,3253414697650746135
11.11.2025 00:41:30,user42,洧내洧냗洧냜-洧뉧롏쇓롏쉻롏洧,Was denkst du dar칲ber?,original,6130508445991209657
11.11.2025 00:47:58,user14,洧내洧냗洧냜-洧뉧롏쇓롏쉻롏洧-洧릠,Hey 游눮,original,3007231306764090461
11.11.2025 01:12:07,user02,洧내洧냗洧냜-洧뉧롏쇓롏쉻롏洧-洧릠,Mir geht es gut,original,8867637020492023002
11.11.2025 01:24:04,user07,洧내洧냗洧냜-洧뉧롏쇓롏쉻롏洧,Hallo,original,9325588421629676381
11.11.2025 01:45:01,user21,洧내洧냗洧냜-洧뉧롏쇓롏쉻롏洧-洧릟,Ich mag Z칲ge,original,2634628742682727559
11.11.2025 02:06:37,user03,洧내洧냗洧냜-洧뉧롏쇓롏쉻롏洧,Wie geht es dir?,original,7450809080460552323
11.11.2025 02:32:42,user01,洧내洧냗洧냜-洧뉧롏쇓롏쉻롏洧-洧릠,Keine Ahnung 游뱂 游땍,original,9999169360359999283
11.11.2025 03:01:14,user29,洧내洧냗洧냜-洧뉧롏쇓롏쉻롏洧-洧릟,Hi 游,original,7473749487431114568
11.11.2025 03:30:48,user09,洧내洧냗洧냜-洧뉧롏쇓롏쉻롏洧,Was machst du?,bearbeitet,4053602885108370892
11.11.2025 03:40:34,user20,洧내洧냗洧냜-洧뉧롏쇓롏쉻롏洧,Was denkst du dar칲ber?,bearbeitet,5745155985385314273
11.11.2025 03:44:21,user39,洧내洧냗洧냜-洧뉧롏쇓롏쉻롏洧-洧릟,Was machst du? 游댠,original,9781942068964112135
11.11.2025 04:00:56,user15,洧내洧냗洧냜-洧뉧롏쇓롏쉻롏洧-洧릟,Hast du trainiert? 游녨,original,2372055551880379173
11.11.2025 04:28:24,user39,洧내洧냗洧냜-洧뉧롏쇓롏쉻롏洧-洧릠,Mir geht es gut,gel칬scht,3513152764204681923
11.11.2025 04:31:53,user48,洧내洧냗洧냜-洧뉧롏쇓롏쉻롏洧,Wie geht es dir?,gel칬scht,2782148009801782538
11.11.2025 04:58:33,user44,洧내洧냗洧냜-洧뉧롏쇓롏쉻롏洧,Hast du trainiert? 游땍,bearbeitet,2888683196057471448
11.11.2025 05:14:30,user06,洧내洧냗洧냜-洧뉧롏쇓롏쉻롏洧-洧릟,Hast du trainiert? 游댠,original,5745006581391718871
11.11.2025 05:28:29,user13,洧내洧냗洧냜-洧뉧롏쇓롏쉻롏洧-洧릟,Was denkst du dar칲ber? 游,original,6063513175210137558
11.11.2025 05:36:10,user23,洧내洧냗洧냜-洧뉧롏쇓롏쉻롏洧-洧릟,Ich mag Z칲ge,gel칬scht,4471380686956849773
11.11.2025 05:40:00,user44,洧내洧냗洧냜-洧뉧롏쇓롏쉻롏洧-洧릟,Hast du trainiert?,bearbeitet,3831007960381426077
11.11.2025 06:06:10,user43,洧내洧냗洧냜-洧뉧롏쇓롏쉻롏洧-洧릠,Mir geht es gut,gel칬scht,9572894097168614292
11.11.2025 06:19:30,user40,洧내洧냗洧냜-洧뉧롏쇓롏쉻롏洧-洧릠,Was machst du? 游댠,original,6220304012177758331
11.11.2025 06:26:21,user50,洧내洧냗洧냜-洧뉧롏쇓롏쉻롏洧,Mir geht es gut,original,7885857804862819536
11.11.2025 06:31:39,user03,洧내洧냗洧냜-洧뉧롏쇓롏쉻롏洧-洧릟,Was denkst du dar칲ber?,original,5657961717937863627
11.11.2025 06:59:59,user07,洧내洧냗洧냜-洧뉧롏쇓롏쉻롏洧-洧릟,Was denkst du dar칲ber?,gel칬scht,6864491540198168550
11.11.2025 07:18:32,user25,洧내洧냗洧냜-洧뉧롏쇓롏쉻롏洧,Schau dir das an: https://tenor.com/view/example-gif,original,5313617828664455459
11.11.2025 07:33:11,user03,洧내洧냗洧냜-洧뉧롏쇓롏쉻롏洧-洧릟,Was denkst du dar칲ber? 游뱂,original,8402113136397793342
11.11.2025 07:34:42,user18,洧내洧냗洧냜-洧뉧롏쇓롏쉻롏洧-洧릠,Das ist lustig 游땍,gel칬scht,5584506586361785849
11.11.2025 08:00:20,user37,洧내洧냗洧냜-洧뉧롏쇓롏쉻롏洧,Interessant! 游녨,bearbeitet,5717548072890437021
11.11.2025 08:04:08,user04,洧내洧냗洧냜-洧뉧롏쇓롏쉻롏洧-洧릟,Hey 仇벒잺,gel칬scht,8930587723866718334
11.11.2025 08:22:31,user12,洧내洧냗洧냜-洧뉧롏쇓롏쉻롏洧-洧릟,Hast du trainiert?,original,6185521238812733767
11.11.2025 08:26:40,user26,洧내洧냗洧냜-洧뉧롏쇓롏쉻롏洧,Hast du trainiert? 游댠,bearbeitet,4835721976607697048
11.11.2025 08:33:29,user41,洧내洧냗洧냜-洧뉧롏쇓롏쉻롏洧-洧릟,Wie geht es dir?,gel칬scht,7392311600775327069
11.11.2025 08:42:38,user45,洧내洧냗洧냜-洧뉧롏쇓롏쉻롏洧-洧릠,Was machst du? 游땙,original,9153954099155256292
11.11.2025 09:02:38,user22,洧내洧냗洧냜-洧뉧롏쇓롏쉻롏洧,Das ist lustig 游땍,original,9848808211984890717
11.11.2025 09:19:58,user36,洧내洧냗洧냜-洧뉧롏쇓롏쉻롏洧-洧릟,Guten Tag,original,8227368534003556071
11.11.2025 09:39:32,user38,洧내洧냗洧냜-洧뉧롏쇓롏쉻롏洧-洧릟,Hallo 游땍,original,9781930462580584433
11.11.2025 09:51:08,user34,洧내洧냗洧냜-洧뉧롏쇓롏쉻롏洧-洧릠,Hallo,original,7527155131499417251
11.11.2025 10:10:22,user42,洧내洧냗洧냜-洧뉧롏쇓롏쉻롏洧,Ich mag Z칲ge,original,1718172511023299315
11.11.2025 10:39:49,user08,洧내洧냗洧냜-洧뉧롏쇓롏쉻롏洧,Keine Ahnung 游뱂,original,6523331205329607442
11.11.2025 10:47:17,user01,洧내洧냗洧냜-洧뉧롏쇓롏쉻롏洧,Das ist lustig 游땍,original,9094833050853939450
11.11.2025 11:15:23,user38,洧내洧냗洧냜-洧뉧롏쇓롏쉻롏洧-洧릟,Hi 仇벒잺,original,4825387695148613539
11.11.2025 11:32:20,user46,洧내洧냗洧냜-洧뉧롏쇓롏쉻롏洧-洧릟,Alles bestens 游,bearbeitet,6651315789354308682
11.11.2025 11:51:42,user28,洧내洧냗洧냜-洧뉧롏쇓롏쉻롏洧-洧릟,Mir geht es gut,bearbeitet,9672544832079403823
11.11.2025 12:15:07,user34,洧내洧냗洧냜-洧뉧롏쇓롏쉻롏洧,Wie geht es dir?,original,5464079372513596530
11.11.2025 12:19:23,user27,洧내洧냗洧냜-洧뉧롏쇓롏쉻롏洧,Keine Ahnung 游뱂,original,4825573522487321850
11.11.2025 12:31:22,user33,洧내洧냗洧냜-洧뉧롏쇓롏쉻롏洧-洧릠,Guten Tag,original,9246710438965523812
11.11.2025 12:41:32,user21,洧내洧냗洧냜-洧뉧롏쇓롏쉻롏洧-洧릠,Wie geht es dir? 游눮,bearbeitet,5228056981395911369
11.11.2025 12:59:22,user23,洧내洧냗洧냜-洧뉧롏쇓롏쉻롏洧-洧릟,Hast du trainiert?,original,3495029290950211055
11.11.2025 13:04:36,user13,洧내洧냗洧냜-洧뉧롏쇓롏쉻롏洧-洧릠,Interessant!,original,3568973643753235759
11.11.2025 13:20:44,user22,洧내洧냗洧냜-洧뉧롏쇓롏쉻롏洧,Wie geht es dir?,bearbeitet,1806131813471392764
11.11.2025 13:37:25,user38,洧내洧냗洧냜-洧뉧롏쇓롏쉻롏洧-洧릟,Schau dir das an: https://tenor.com/view/example-gif 仇벒잺,gel칬scht,3460102918180184707
11.11.2025 13:57:50,user27,洧내洧냗洧냜-洧뉧롏쇓롏쉻롏洧-洧릟,Schau dir das an: https://tenor.com/view/example-gif 游녨,bearbeitet,2947618625876374295
11.11.2025 14:15:33,user27,洧내洧냗洧냜-洧뉧롏쇓롏쉻롏洧,Guten Tag,bearbeitet,2902134875091672636
11.11.2025 14:27:18,user06,洧내洧냗洧냜-洧뉧롏쇓롏쉻롏洧,Keine Ahnung 游뱂,original,3185832142780294976
11.11.2025 14:40:45,user06,洧내洧냗洧냜-洧뉧롏쇓롏쉻롏洧-洧릠,Ich mag Z칲ge 游,bearbeitet,5676297451122283352
11.11.2025 14:46:43,user40,洧내洧냗洧냜-洧뉧롏쇓롏쉻롏洧,Wie geht es dir?,bearbeitet,5943170683552284136
11.11.2025 15:16:08,user28,洧내洧냗洧냜-洧뉧롏쇓롏쉻롏洧-洧릟,Interessant!,gel칬scht,8987145451297297296
11.11.2025 15:22:43,user02,洧내洧냗洧냜-洧뉧롏쇓롏쉻롏洧-洧릠,Was machst du?,original,1165411809049638032
11.11.2025 15:50:42,user25,洧내洧냗洧냜-洧뉧롏쇓롏쉻롏洧-洧릠,Alles bestens,original,2590909896854424996
11.11.2025 15:53:46,user37,洧내洧냗洧냜-洧뉧롏쇓롏쉻롏洧-洧릟,Was denkst du dar칲ber?,bearbeitet,9563487809312673189
11.11.2025 16:07:53,user02,洧내洧냗洧냜-洧뉧롏쇓롏쉻롏洧,Hast du trainiert?,original,7886820132409197110
11.11.2025 16:26:31,user38,洧내洧냗洧냜-洧뉧롏쇓롏쉻롏洧-洧릠,Hast du trainiert?,bearbeitet,1442853534013411865
11.11.2025 16:53:34,user21,洧내洧냗洧냜-洧뉧롏쇓롏쉻롏洧,Wie geht es dir?,original,1008634059175893424
11.11.2025 17:09:48,user15,洧내洧냗洧냜-洧뉧롏쇓롏쉻롏洧-洧릠,Hast du trainiert? 游땍,original,3556844688310031962
11.11.2025 17:29:49,user29,洧내洧냗洧냜-洧뉧롏쇓롏쉻롏洧,Ich stimme zu,bearbeitet,7380532600061852087
11.11.2025 17:46:02,user01,洧내洧냗洧냜-洧뉧롏쇓롏쉻롏洧,Was denkst du dar칲ber? 游땍,original,7391137107726941259
11.11.2025 17:52:31,user12,洧내洧냗洧냜-洧뉧롏쇓롏쉻롏洧-洧릠,Was denkst du dar칲ber?,original,3715632591867834912
11.11.2025 18:03:49,user03,洧내洧냗洧냜-洧뉧롏쇓롏쉻롏洧-洧릠,Hast du trainiert? 游눮,original,7329969783526073079
11.11.2025 18:17:18,user07,洧내洧냗洧냜-洧뉧롏쇓롏쉻롏洧,Guten Tag,original,1037671325075701806
11.11.2025 18:33:14,user24,洧내洧냗洧냜-洧뉧롏쇓롏쉻롏洧,Hast du trainiert?,original,8609894664725241974
11.11.2025 18:38:00,user46,洧내洧냗洧냜-洧뉧롏쇓롏쉻롏洧-洧릠,Hast du trainiert?,original,3768431117826871972
11.11.2025 18:46:33,user29,洧내洧냗洧냜-洧뉧롏쇓롏쉻롏洧-洧릟,Was machst du?,original,7504641960070542436
11.11.2025 18:57:28,user16,洧내洧냗洧냜-洧뉧롏쇓롏쉻롏洧-洧릠,Hallo,original,7105369524702308322
11.11.2025 19:02:39,user01,洧내洧냗洧냜-洧뉧롏쇓롏쉻롏洧-洧릟,Hallo,original,5454871305558974894
11.11.2025 19:05:04,user25,洧내洧냗洧냜-洧뉧롏쇓롏쉻롏洧-洧릠,Mir geht es gut 游녨,original,6218355077570046726
11.11.2025 19:06:57,user40,洧내洧냗洧냜-洧뉧롏쇓롏쉻롏洧,Keine Ahnung 游뱂 游뱂,original,4386714613717787928
11.11.2025 19:14:29,user46,洧내洧냗洧냜-洧뉧롏쇓롏쉻롏洧-洧릠,Hi,original,4832760578641439743
11.11.2025 19:23:55,user24,洧내洧냗洧냜-洧뉧롏쇓롏쉻롏洧,Interessant!,original,3379913195103327158
11.11.2025 19:51:17,user06,洧내洧냗洧냜-洧뉧롏쇓롏쉻롏洧,Hi,original,7897065610654016116
11.11.2025 20:02:14,user27,洧내洧냗洧냜-洧뉧롏쇓롏쉻롏洧-洧릠,Schau dir das an: https://tenor.com/view/example-gif 游눮,gel칬scht,9581056933913568823
11.11.2025 20:31:49,user13,洧내洧냗洧냜-洧뉧롏쇓롏쉻롏洧-洧릠,Was machst du?,original,3629493103035955327
11.11.2025 20:38:32,user08,洧내洧냗洧냜-洧뉧롏쇓롏쉻롏洧-洧릟,Was machst du?,original,5247390529840035226
11.11.2025 20:44:17,user10,洧내洧냗洧냜-洧뉧롏쇓롏쉻롏洧-洧릟,Keine Ahnung 游뱂 仇벒잺,original,4704146475234490709
11.11.2025 21:13:06,user12,洧내洧냗洧냜-洧뉧롏쇓롏쉻롏洧-洧릟,Hast du trainiert?,original,2177883144967245902
11.11.2025 21:19:00,user32,洧내洧냗洧냜-洧뉧롏쇓롏쉻롏洧-洧릟,Was machst du?,original,6329768380381625529
11.11.2025 21:47:22,user14,洧내洧냗洧냜-洧뉧롏쇓롏쉻롏洧-洧릠,Hey,gel칬scht,6231522921565902257
11.11.2025 22:08:19,user14,洧내洧냗洧냜-洧뉧롏쇓롏쉻롏洧-洧릠,Ich mag Z칲ge,original,7270891165032078048
11.11.2025 22:32:25,user31,洧내洧냗洧냜-洧뉧롏쇓롏쉻롏洧-洧릟,Was denkst du dar칲ber? 游땙,original,1591465312560864504
11.11.2025 22:57:35,user41,洧내洧냗洧냜-洧뉧롏쇓롏쉻롏洧-洧릟,Guten Tag,original,5050019260262026228
11.11.2025 23:05:28,user23,洧내洧냗洧냜-洧뉧롏쇓롏쉻롏洧-洧릠,Was machst du? 仇벒잺,original,8136408329909624036
11.11.2025 23:08:00,user29,洧내洧냗洧냜-洧뉧롏쇓롏쉻롏洧-洧릟,Das ist lustig 游땍,original,7233673829219179243
11.11.2025 23:25:04,user16,洧내洧냗洧냜-洧뉧롏쇓롏쉻롏洧,Hey 游눮,original,5284666551527499959
11.11.2025 23:36:26,user06,洧내洧냗洧냜-洧뉧롏쇓롏쉻롏洧-洧릟,Ich mag Z칲ge 游땙,original,5521810102003623602
11.11.2025 23:49:10,user31,洧내洧냗洧냜-洧뉧롏쇓롏쉻롏洧-洧릟,Was machst du?,original,5825414489880583734
12.11.2025 00:00:27,user15,洧내洧냗洧냜-洧뉧롏쇓롏쉻롏洧-洧릟,Mir geht es gut 游땍,bearbeitet,2758859553997870163
12.11.2025 00:16:50,user37,洧내洧냗洧냜-洧뉧롏쇓롏쉻롏洧,Ich stimme zu,original,3483473533595737842
12.11.2025 00:40:46,user32,洧내洧냗洧냜-洧뉧롏쇓롏쉻롏洧-洧릟,Was denkst du dar칲ber? 仇벒잺,original,7233917451744482067
12.11.2025 01:03:47,user12,洧내洧냗洧냜-洧뉧롏쇓롏쉻롏洧-洧릠,Was denkst du dar칲ber?,original,9167881237250242014
12.11.2025 01:12:11,user13,洧내洧냗洧냜-洧뉧롏쇓롏쉻롏洧,Hey,original,9330950235610533127
12.11.2025 01:32:23,user21,洧내洧냗洧냜-洧뉧롏쇓롏쉻롏洧-洧릠,Was machst du? 游,original,2967600921433114425
12.11.2025 01:48:23,user31,洧내洧냗洧냜-洧뉧롏쇓롏쉻롏洧-洧릠,Was denkst du dar칲ber?,original,2620850141268528873
12.11.2025 01:53:14,user17,洧내洧냗洧냜-洧뉧롏쇓롏쉻롏洧,Keine Ahnung 游뱂,original,8429322138920858273
12.11.2025 02:12:24,user45,洧내洧냗洧냜-洧뉧롏쇓롏쉻롏洧,Hast du trainiert?,original,2674471052591918358
12.11.2025 02:25:40,user34,洧내洧냗洧냜-洧뉧롏쇓롏쉻롏洧-洧릟,Guten Tag,original,2023070860628047701
12.11.2025 02:34:27,user07,洧내洧냗洧냜-洧뉧롏쇓롏쉻롏洧-洧릟,Hallo 游뱂,gel칬scht,8419006594663754333
12.11.2025 02:35:22,user24,洧내洧냗洧냜-洧뉧롏쇓롏쉻롏洧,Hallo 游,original,6004319183152335382
12.11.2025 02:54:52,user44,洧내洧냗洧냜-洧뉧롏쇓롏쉻롏洧,Wie geht es dir? 游땍,original,8149894657005770460
12.11.2025 03:24:28,user12,洧내洧냗洧냜-洧뉧롏쇓롏쉻롏洧,Wie geht es dir?,original,7929364691331015272
12.11.2025 03:52:27,user37,洧내洧냗洧냜-洧뉧롏쇓롏쉻롏洧,Hast du trainiert?,gel칬scht,3542583421694247487
12.11.2025 03:57:18,user15,洧내洧냗洧냜-洧뉧롏쇓롏쉻롏洧-洧릟,Alles bestens,original,3840400679931537866
12.11.2025 04:05:31,user50,洧내洧냗洧냜-洧뉧롏쇓롏쉻롏洧-洧릠,Mir geht es gut 游눮,bearbeitet,4648153953005857949
12.11.2025 04:14:52,user10,洧내洧냗洧냜-洧뉧롏쇓롏쉻롏洧,Was denkst du dar칲ber?,original,2260900334742048632
12.11.2025 04:42:49,user17,洧내洧냗洧냜-洧뉧롏쇓롏쉻롏洧-洧릠,Wie geht es dir? 游,bearbeitet,9578271455694365457
12.11.2025 05:08:49,user06,洧내洧냗洧냜-洧뉧롏쇓롏쉻롏洧-洧릟,Hallo,bearbeitet,5128047898352062431
12.11.2025 05:37:49,user50,洧내洧냗洧냜-洧뉧롏쇓롏쉻롏洧-洧릟,Wie geht es dir? 游댠,original,9557009259405210173
12.11.2025 05:38:48,user26,洧내洧냗洧냜-洧뉧롏쇓롏쉻롏洧-洧릠,Hast du trainiert?,original,5209672344252711046
12.11.2025 05:52:53,user14,洧내洧냗洧냜-洧뉧롏쇓롏쉻롏洧-洧릟,Hey,gel칬scht,2011899883844295082
12.11.2025 05:53:20,user38,洧내洧냗洧냜-洧뉧롏쇓롏쉻롏洧,Hast du trainiert?,bearbeitet,3439960728053495813
12.11.2025 06:03:54,user49,洧내洧냗洧냜-洧뉧롏쇓롏쉻롏洧-洧릠,Hast du trainiert?,bearbeitet,7087599631257651766
12.11.2025 06:13:15,user18,洧내洧냗洧냜-洧뉧롏쇓롏쉻롏洧,Guten Tag,original,6311903634110509752
12.11.2025 06:18:04,user23,洧내洧냗洧냜-洧뉧롏쇓롏쉻롏洧,Hallo 游댠,original,7917100116351139355
12.11.2025 06:21:08,user10,洧내洧냗洧냜-洧뉧롏쇓롏쉻롏洧-洧릠,Was machst du?,bearbeitet,5297883125296753255
12.11.2025 06:45:13,user40,洧내洧냗洧냜-洧뉧롏쇓롏쉻롏洧-洧릟,Ich stimme zu,original,4350464482933286742
12.11.2025 06:57:42,user14,洧내洧냗洧냜-洧뉧롏쇓롏쉻롏洧,Hast du trainiert?,original,2289094938688749361
12.11.2025 07:24:34,user10,洧내洧냗洧냜-洧뉧롏쇓롏쉻롏洧-洧릠,Hi,original,7244137734274046355
12.11.2025 07:44:39,user09,洧내洧냗洧냜-洧뉧롏쇓롏쉻롏洧,Hey,original,9224652036818277420
12.11.2025 07:50:06,user05,洧내洧냗洧냜-洧뉧롏쇓롏쉻롏洧,Hast du trainiert?,bearbeitet,9527585540285639510
12.11.2025 08:01:35,user04,洧내洧냗洧냜-洧뉧롏쇓롏쉻롏洧-洧릟,Wie geht es dir?,original,8010492740900498871
12.11.2025 08:17:55,user19,洧내洧냗洧냜-洧뉧롏쇓롏쉻롏洧-洧릟,Was denkst du dar칲ber? 游,bearbeitet,3690808961315586734
12.11.2025 08:35:15,user01,洧내洧냗洧냜-洧뉧롏쇓롏쉻롏洧-洧릟,Ich stimme zu,original,2283600866718261994
12.11.2025 09:01:57,user11,洧내洧냗洧냜-洧뉧롏쇓롏쉻롏洧-洧릠,Keine Ahnung 游뱂 游땙,original,3175762558151947556
12.11.2025 09:16:33,user13,洧내洧냗洧냜-洧뉧롏쇓롏쉻롏洧-洧릟,Keine Ahnung 游뱂,original,9280278836251199761
12.11.2025 09:43:01,user31,洧내洧냗洧냜-洧뉧롏쇓롏쉻롏洧-洧릠,Was machst du?,original,7233460462022840520
12.11.2025 09:52:10,user25,洧내洧냗洧냜-洧뉧롏쇓롏쉻롏洧,Wie geht es dir?,original,3437249566556572507
12.11.2025 10:02:49,user09,洧내洧냗洧냜-洧뉧롏쇓롏쉻롏洧-洧릠,Mir geht es gut 游,original,1340668581037475562
12.11.2025 10:32:05,user11,洧내洧냗洧냜-洧뉧롏쇓롏쉻롏洧-洧릟,Hey,bearbeitet,6032794155128368834
12.11.2025 10:43:53,user28,洧내洧냗洧냜-洧뉧롏쇓롏쉻롏洧,Was machst du? 游눮,bearbeitet,7369361304663138239
12.11.2025 10:52:56,user31,洧내洧냗洧냜-洧뉧롏쇓롏쉻롏洧-洧릟,Ich mag Z칲ge,original,7284952214748550698
12.11.2025 10:55:44,user17,洧내洧냗洧냜-洧뉧롏쇓롏쉻롏洧-洧릟,Hast du trainiert? 游눮,bearbeitet,4903213364915819878
12.11.2025 11:00:15,user43,洧내洧냗洧냜-洧뉧롏쇓롏쉻롏洧-洧릠,Alles bestens,bearbeitet,9904601187111988508
12.11.2025 11:12:00,user33,洧내洧냗洧냜-洧뉧롏쇓롏쉻롏洧,Was machst du?,original,2189783683009741237
12.11.2025 11:26:14,user33,洧내洧냗洧냜-洧뉧롏쇓롏쉻롏洧-洧릠,Mir geht es gut,original,4240092612259994223
12.11.2025 11:52:20,user39,洧내洧냗洧냜-洧뉧롏쇓롏쉻롏洧-洧릠,Was machst du?,original,2173493276304899906
12.11.2025 12:08:54,user03,洧내洧냗洧냜-洧뉧롏쇓롏쉻롏洧,Ich mag Z칲ge,original,1431826816978519470
12.11.2025 12:30:56,user44,洧내洧냗洧냜-洧뉧롏쇓롏쉻롏洧-洧릟,Hast du trainiert? 游땙,original,1981571562618163901
12.11.2025 12:39:10,user09,洧내洧냗洧냜-洧뉧롏쇓롏쉻롏洧-洧릠,Hey 游댠,gel칬scht,4768377514722503018
12.11.2025 12:43:35,user39,洧내洧냗洧냜-洧뉧롏쇓롏쉻롏洧,Hast du trainiert?,bearbeitet,3952754911860792756
12.11.2025 13:10:20,user28,洧내洧냗洧냜-洧뉧롏쇓롏쉻롏洧-洧릠,Was denkst du dar칲ber?,original,4312984338903937267
12.11.2025 13:25:09,user49,洧내洧냗洧냜-洧뉧롏쇓롏쉻롏洧-洧릟,Wie geht es dir?,original,2345438801738350425
12.11.2025 13:30:16,user40,洧내洧냗洧냜-洧뉧롏쇓롏쉻롏洧-洧릟,Was machst du?,original,7898030410756750142
12.11.2025 13:43:18,user06,洧내洧냗洧냜-洧뉧롏쇓롏쉻롏洧,Wie geht es dir?,original,3374448428652797275
12.11.2025 14:07:39,user40,洧내洧냗洧냜-洧뉧롏쇓롏쉻롏洧-洧릠,Was machst du? 游녨,gel칬scht,7076098344864392319
12.11.2025 14:25:09,user49,洧내洧냗洧냜-洧뉧롏쇓롏쉻롏洧-洧릟,Hallo 游땍,bearbeitet,5805328305596936060
12.11.2025 14:39:52,user16,洧내洧냗洧냜-洧뉧롏쇓롏쉻롏洧-洧릟,Wie geht es dir? 游,original,6098128182247717179
12.11.2025 14:52:08,user27,洧내洧냗洧냜-洧뉧롏쇓롏쉻롏洧-洧릟,Ich mag Z칲ge,original,2962115529511509186
12.11.2025 15:22:08,user45,洧내洧냗洧냜-洧뉧롏쇓롏쉻롏洧-洧릟,Ich stimme zu,gel칬scht,7047502015974627238
12.11.2025 15:24:57,user25,洧내洧냗洧냜-洧뉧롏쇓롏쉻롏洧-洧릟,Schau dir das an: https://tenor.com/view/example-gif 游,original,7712774441017676355
12.11.2025 15:46:52,user04,洧내洧냗洧냜-洧뉧롏쇓롏쉻롏洧,Hast du trainiert?,original,2134056135963222406
12.11.2025 16:02:28,user01,洧내洧냗洧냜-洧뉧롏쇓롏쉻롏洧,Guten Tag 游땙,original,9980931810584011204
12.11.2025 16:05:55,user31,洧내洧냗洧냜-洧뉧롏쇓롏쉻롏洧-洧릟,Interessant!,gel칬scht,1445610738802487451
12.11.2025 16:15:16,user11,洧내洧냗洧냜-洧뉧롏쇓롏쉻롏洧-洧릟,Schau dir das an: https://tenor.com/view/example-gif,original,3062639515038759389
12.11.2025 16:20:54,user28,洧내洧냗洧냜-洧뉧롏쇓롏쉻롏洧-洧릟,Guten Tag 游땙,bearbeitet,9895805366999637194
12.11.2025 16:36:49,user14,洧내洧냗洧냜-洧뉧롏쇓롏쉻롏洧,Was denkst du dar칲ber?,bearbeitet,3107401374388258996
12.11.2025 16:46:08,user05,洧내洧냗洧냜-洧뉧롏쇓롏쉻롏洧-洧릠,Guten Tag 游땍,original,4567085936714238251
12.11.2025 17:13:24,user25,洧내洧냗洧냜-洧뉧롏쇓롏쉻롏洧-洧릟,Schau dir das an: https://tenor.com/view/example-gif,original,1626173848982523867
12.11.2025 17:31:59,user36,洧내洧냗洧냜-洧뉧롏쇓롏쉻롏洧-洧릠,Was denkst du dar칲ber?,original,1474498017527229424
12.11.2025 17:55:00,user06,洧내洧냗洧냜-洧뉧롏쇓롏쉻롏洧,Hast du trainiert?,original,9221624462280327356
12.11.2025 17:58:30,user13,洧내洧냗洧냜-洧뉧롏쇓롏쉻롏洧,Was machst du? 游댠,gel칬scht,1830987065988384071
12.11.2025 17:59:58,user20,洧내洧냗洧냜-洧뉧롏쇓롏쉻롏洧-洧릠,Mir geht es gut 游뱂,original,7459154412181911765
12.11.2025 18:03:17,user50,洧내洧냗洧냜-洧뉧롏쇓롏쉻롏洧-洧릠,Ich stimme zu,original,5516283826121113478
12.11.2025 18:09:40,user13,洧내洧냗洧냜-洧뉧롏쇓롏쉻롏洧,Ich stimme zu 游땍,original,8597200396855417059
12.11.2025 18:13:11,user39,洧내洧냗洧냜-洧뉧롏쇓롏쉻롏洧-洧릠,Hast du trainiert?,bearbeitet,6575098363700206323
12.11.2025 18:23:49,user37,洧내洧냗洧냜-洧뉧롏쇓롏쉻롏洧,Wie geht es dir?,original,4541231666746976866
12.11.2025 18:43:17,user37,洧내洧냗洧냜-洧뉧롏쇓롏쉻롏洧-洧릠,Schau dir das an: https://tenor.com/view/example-gif 游뱂,bearbeitet,2325722291644733770
12.11.2025 18:52:13,user38,洧내洧냗洧냜-洧뉧롏쇓롏쉻롏洧-洧릟,Hast du trainiert?,original,8389986994345496189
12.11.2025 19:11:55,user49,洧내洧냗洧냜-洧뉧롏쇓롏쉻롏洧-洧릟,Hast du trainiert?,original,5758334237044497463
12.11.2025 19:40:43,user10,洧내洧냗洧냜-洧뉧롏쇓롏쉻롏洧,Hast du trainiert?,bearbeitet,4849309823032369473
12.11.2025 19:51:30,user31,洧내洧냗洧냜-洧뉧롏쇓롏쉻롏洧-洧릟,Was denkst du dar칲ber?,original,6733024785777655540
12.11.2025 19:53:54,user25,洧내洧냗洧냜-洧뉧롏쇓롏쉻롏洧,Hey 游댠,original,2013652515454331833
12.11.2025 20:17:54,user13,洧내洧냗洧냜-洧뉧롏쇓롏쉻롏洧,Alles bestens,original,3610777635606750586
12.11.2025 20:46:37,user31,洧내洧냗洧냜-洧뉧롏쇓롏쉻롏洧-洧릠,Hey,original,4561503254609994773
12.11.2025 20:49:24,user10,洧내洧냗洧냜-洧뉧롏쇓롏쉻롏洧,Wie geht es dir?,original,4962612382737136508
12.11.2025 20:50:40,user06,洧내洧냗洧냜-洧뉧롏쇓롏쉻롏洧-洧릠,Alles bestens,original,7008509674331877707
12.11.2025 21:09:22,user09,洧내洧냗洧냜-洧뉧롏쇓롏쉻롏洧-洧릟,Hey,original,4006134099203190253
12.11.2025 21:34:13,user37,洧내洧냗洧냜-洧뉧롏쇓롏쉻롏洧-洧릠,Schau dir das an: https://tenor.com/view/example-gif,original,5654568039248010323
12.11.2025 21:39:57,user48,洧내洧냗洧냜-洧뉧롏쇓롏쉻롏洧,Hast du trainiert?,original,6436724949232112013
12.11.2025 22:00:00,user41,洧내洧냗洧냜-洧뉧롏쇓롏쉻롏洧-洧릟,Hast du trainiert?,original,2417012840119465511
12.11.2025 22:00:29,user45,洧내洧냗洧냜-洧뉧롏쇓롏쉻롏洧,Was machst du?,bearbeitet,5641894667835726055
12.11.2025 22:24:01,user20,洧내洧냗洧냜-洧뉧롏쇓롏쉻롏洧,Das ist lustig 游땍,original,8841302421151137753
12.11.2025 22:50:30,user10,洧내洧냗洧냜-洧뉧롏쇓롏쉻롏洧-洧릠,Was denkst du dar칲ber? 游댠,original,2861171090133596312
12.11.2025 22:57:28,user01,洧내洧냗洧냜-洧뉧롏쇓롏쉻롏洧,Hallo,original,2468919642741363623
12.11.2025 23:01:03,user06,洧내洧냗洧냜-洧뉧롏쇓롏쉻롏洧-洧릟,Hast du trainiert?,original,6363231702784518508
12.11.2025 23:16:52,user24,洧내洧냗洧냜-洧뉧롏쇓롏쉻롏洧-洧릟,Hast du trainiert?,original,5376324077080984445
12.11.2025 23:42:54,user14,洧내洧냗洧냜-洧뉧롏쇓롏쉻롏洧-洧릟,Hey,original,1315509632385423628
12.11.2025 23:47:24,user40,洧내洧냗洧냜-洧뉧롏쇓롏쉻롏洧-洧릠,Hallo 游땍,original,1639729414850401330
13.11.2025 00:03:45,user36,洧내洧냗洧냜-洧뉧롏쇓롏쉻롏洧-洧릟,Das ist lustig 游땍,original,3737794582088875540
13.11.2025 00:06:05,user22,洧내洧냗洧냜-洧뉧롏쇓롏쉻롏洧,Interessant! 游땙,original,8787898173503663125
13.11.2025 00:18:50,user30,洧내洧냗洧냜-洧뉧롏쇓롏쉻롏洧-洧릟,Hi 游땙,bearbeitet,7374407425827097766
13.11.2025 00:48:21,user12,洧내洧냗洧냜-洧뉧롏쇓롏쉻롏洧-洧릠,Ich mag Z칲ge,original,7698168850584917265
13.11.2025 00:59:48,user14,洧내洧냗洧냜-洧뉧롏쇓롏쉻롏洧-洧릠,Was machst du?,bearbeitet,3848696422889931879
13.11.2025 01:12:32,user13,洧내洧냗洧냜-洧뉧롏쇓롏쉻롏洧-洧릟,Hast du trainiert?,original,1856899682647831697
13.11.2025 01:21:09,user06,洧내洧냗洧냜-洧뉧롏쇓롏쉻롏洧,Interessant!,original,3515280665824533780
13.11.2025 01:42:56,user22,洧내洧냗洧냜-洧뉧롏쇓롏쉻롏洧-洧릠,Keine Ahnung 游뱂,original,4447306108947737827
13.11.2025 01:45:27,user28,洧내洧냗洧냜-洧뉧롏쇓롏쉻롏洧,Wie geht es dir?,original,2104193902125964734
13.11.2025 02:05:02,user20,洧내洧냗洧냜-洧뉧롏쇓롏쉻롏洧-洧릠,Wie geht es dir? 游눮,original,1172421768205803600
13.11.2025 02:33:37,user14,洧내洧냗洧냜-洧뉧롏쇓롏쉻롏洧,Was denkst du dar칲ber? 游눮,original,9199019267741809901
13.11.2025 02:55:29,user04,洧내洧냗洧냜-洧뉧롏쇓롏쉻롏洧-洧릠,Wie geht es dir?,original,1921921842883938906
13.11.2025 03:19:47,user34,洧내洧냗洧냜-洧뉧롏쇓롏쉻롏洧-洧릟,Hey 游뱂,original,2302801225881163175
13.11.2025 03:44:13,user15,洧내洧냗洧냜-洧뉧롏쇓롏쉻롏洧-洧릠,Was denkst du dar칲ber? 游댠,original,6896606691402731658
13.11.2025 04:13:44,user28,洧내洧냗洧냜-洧뉧롏쇓롏쉻롏洧,Hey,original,2876660567505365079
13.11.2025 04:42:41,user39,洧내洧냗洧냜-洧뉧롏쇓롏쉻롏洧,Was denkst du dar칲ber?,original,4122173326138078323
13.11.2025 05:03:29,user05,洧내洧냗洧냜-洧뉧롏쇓롏쉻롏洧-洧릟,Keine Ahnung 游뱂,original,9299263522799056132
13.11.2025 05:14:55,user16,洧내洧냗洧냜-洧뉧롏쇓롏쉻롏洧,Keine Ahnung 游뱂,bearbeitet,5167712257528932408
13.11.2025 05:20:59,user37,洧내洧냗洧냜-洧뉧롏쇓롏쉻롏洧-洧릠,Wie geht es dir? 游댠,bearbeitet,4498171152272641698
13.11.2025 05:45:00,user39,洧내洧냗洧냜-洧뉧롏쇓롏쉻롏洧-洧릠,Hast du trainiert? 游눮,bearbeitet,4627752331774152923
13.11.2025 06:10:58,user36,洧내洧냗洧냜-洧뉧롏쇓롏쉻롏洧,Was machst du? 游,original,6493274976558383854
13.11.2025 06:15:45,user11,洧내洧냗洧냜-洧뉧롏쇓롏쉻롏洧,Ich stimme zu,original,9722300845746103626
13.11.2025 06:24:16,user25,洧내洧냗洧냜-洧뉧롏쇓롏쉻롏洧-洧릠,Hast du trainiert?,original,4695186198306784288
13.11.2025 06:25:48,user15,洧내洧냗洧냜-洧뉧롏쇓롏쉻롏洧-洧릠,Hast du trainiert?,original,8775448816833718992
13.11.2025 06:44:38,user05,洧내洧냗洧냜-洧뉧롏쇓롏쉻롏洧,Schau dir das an: https://tenor.com/view/example-gif,bearbeitet,9675393931351707152
13.11.2025 06:51:53,user07,洧내洧냗洧냜-洧뉧롏쇓롏쉻롏洧,Was denkst du dar칲ber?,original,1271670669479191507
13.11.2025 07:06:36,user30,洧내洧냗洧냜-洧뉧롏쇓롏쉻롏洧-洧릠,Keine Ahnung 游뱂,bearbeitet,7380635760428653388
13.11.2025 07:23:56,user07,洧내洧냗洧냜-洧뉧롏쇓롏쉻롏洧-洧릟,Was machst du?,gel칬scht,1301569652520658221
13.11.2025 07:26:21,user21,洧내洧냗洧냜-洧뉧롏쇓롏쉻롏洧-洧릟,Interessant! 游눮,gel칬scht,1981940257367162992
13.11.2025 07:56:19,user20,洧내洧냗洧냜-洧뉧롏쇓롏쉻롏洧,Guten Tag,gel칬scht,5499821271606453360
13.11.2025 08:18:33,user01,洧내洧냗洧냜-洧뉧롏쇓롏쉻롏洧,Hast du trainiert?,original,3960113771269428013
13.11.2025 08:35:18,user06,洧내洧냗洧냜-洧뉧롏쇓롏쉻롏洧,Was machst du? 游눮,original,7512288993680747216
13.11.2025 08:52:52,user09,洧내洧냗洧냜-洧뉧롏쇓롏쉻롏洧-洧릟,Was denkst du dar칲ber?,original,5564196264453278547
13.11.2025 08:56:04,user42,洧내洧냗洧냜-洧뉧롏쇓롏쉻롏洧,Wie geht es dir? 游,bearbeitet,8350941524491286215
13.11.2025 09:22:19,user05,洧내洧냗洧냜-洧뉧롏쇓롏쉻롏洧,Ich mag Z칲ge 游댠,bearbeitet,4030494738674972240
13.11.2025 09:27:26,user30,洧내洧냗洧냜-洧뉧롏쇓롏쉻롏洧,Ich stimme zu,bearbeitet,8962542462709868903
13.11.2025 09:55:16,user21,洧내洧냗洧냜-洧뉧롏쇓롏쉻롏洧,Was denkst du dar칲ber?,original,4184027922368007503
13.11.2025 10:18:48,user05,洧내洧냗洧냜-洧뉧롏쇓롏쉻롏洧-洧릠,Keine Ahnung 游뱂,original,6230412909491491473
13.11.2025 10:25:21,user05,洧내洧냗洧냜-洧뉧롏쇓롏쉻롏洧,Interessant! 游눮,original,1147884823585221454
13.11.2025 10:34:29,user12,洧내洧냗洧냜-洧뉧롏쇓롏쉻롏洧-洧릟,Was machst du?,original,5607986953051900211
13.11.2025 10:55:07,user49,洧내洧냗洧냜-洧뉧롏쇓롏쉻롏洧,Hast du trainiert? 游땙,original,8217657671276896797
13.11.2025 11:08:35,user44,洧내洧냗洧냜-洧뉧롏쇓롏쉻롏洧-洧릟,Wie geht es dir? 游땍,original,7201955268962969087
13.11.2025 11:19:35,user39,洧내洧냗洧냜-洧뉧롏쇓롏쉻롏洧,Was machst du?,bearbeitet,9349243688584729294
13.11.2025 11:29:34,user09,洧내洧냗洧냜-洧뉧롏쇓롏쉻롏洧-洧릟,Ich stimme zu,original,5178081851982680125
13.11.2025 11:35:33,user50,洧내洧냗洧냜-洧뉧롏쇓롏쉻롏洧,Interessant!,gel칬scht,6870780265879902517
13.11.2025 11:49:02,user03,洧내洧냗洧냜-洧뉧롏쇓롏쉻롏洧-洧릠,Keine Ahnung 游뱂,original,9173364906478567263
13.11.2025 12:18:10,user42,洧내洧냗洧냜-洧뉧롏쇓롏쉻롏洧-洧릠,Das ist lustig 游땍 游땙,bearbeitet,7332707710065233679
13.11.2025 12:36:14,user09,洧내洧냗洧냜-洧뉧롏쇓롏쉻롏洧-洧릟,Hi 仇벒잺,original,7860957299799220293
13.11.2025 12:49:18,user23,洧내洧냗洧냜-洧뉧롏쇓롏쉻롏洧-洧릟,Was machst du?,original,2054381017727165441
13.11.2025 13:05:37,user50,洧내洧냗洧냜-洧뉧롏쇓롏쉻롏洧,Ich stimme zu 游눮,original,9920657005548189774
13.11.2025 13:12:10,user19,洧내洧냗洧냜-洧뉧롏쇓롏쉻롏洧-洧릠,Hey,original,3748035425687409746
13.11.2025 13:32:27,user37,洧내洧냗洧냜-洧뉧롏쇓롏쉻롏洧-洧릟,Hi,gel칬scht,5307456539064262723
13.11.2025 13:34:49,user32,洧내洧냗洧냜-洧뉧롏쇓롏쉻롏洧,Was denkst du dar칲ber? 游땙,bearbeitet,2408241069560644334
13.11.2025 13:39:51,user22,洧내洧냗洧냜-洧뉧롏쇓롏쉻롏洧-洧릠,Was machst du? 游땙,original,4314179347624570002
13.11.2025 14:05:19,user16,洧내洧냗洧냜-洧뉧롏쇓롏쉻롏洧,Was machst du? 游땙,original,1061680636848718761
13.11.2025 14:26:18,user22,洧내洧냗洧냜-洧뉧롏쇓롏쉻롏洧,Was machst du? 游땍,bearbeitet,5237930321072025185
13.11.2025 14:32:53,user34,洧내洧냗洧냜-洧뉧롏쇓롏쉻롏洧-洧릠,Was denkst du dar칲ber? 游,gel칬scht,5134573534166263201
13.11.2025 15:00:34,user33,洧내洧냗洧냜-洧뉧롏쇓롏쉻롏洧-洧릟,Ich stimme zu,bearbeitet,8704526775018659616
13.11.2025 15:24:57,user45,洧내洧냗洧냜-洧뉧롏쇓롏쉻롏洧-洧릟,Was machst du?,original,1437150214379568695
13.11.2025 15:46:25,user06,洧내洧냗洧냜-洧뉧롏쇓롏쉻롏洧-洧릟,Interessant! 游,original,6183318971254484973
13.11.2025 16:01:50,user38,洧내洧냗洧냜-洧뉧롏쇓롏쉻롏洧-洧릠,Ich stimme zu 游댠,bearbeitet,3721380478628859893
13.11.2025 16:07:00,user09,洧내洧냗洧냜-洧뉧롏쇓롏쉻롏洧-洧릠,Hallo,original,1807040481819455158
13.11.2025 16:20:56,user02,洧내洧냗洧냜-洧뉧롏쇓롏쉻롏洧-洧릟,Das ist lustig 游땍,original,1248931687902644087
13.11.2025 16:43:05,user08,洧내洧냗洧냜-洧뉧롏쇓롏쉻롏洧,Was machst du?,original,3295171375303349332
13.11.2025 16:59:53,user21,洧내洧냗洧냜-洧뉧롏쇓롏쉻롏洧,Ich mag Z칲ge 游녨,gel칬scht,8947938918315095721
13.11.2025 17:16:37,user43,洧내洧냗洧냜-洧뉧롏쇓롏쉻롏洧-洧릠,Keine Ahnung 游뱂,original,5403953219738723515
13.11.2025 17:29:03,user14,洧내洧냗洧냜-洧뉧롏쇓롏쉻롏洧-洧릟,Mir geht es gut 游녨,gel칬scht,4354140441529557207
13.11.2025 17:37:31,user03,洧내洧냗洧냜-洧뉧롏쇓롏쉻롏洧,Hey,original,4947897564716582848
13.11.2025 17:55:07,user10,洧내洧냗洧냜-洧뉧롏쇓롏쉻롏洧,Keine Ahnung 游뱂 游녨,original,2420691405371734039
13.11.2025 18:09:53,user20,洧내洧냗洧냜-洧뉧롏쇓롏쉻롏洧,Hallo 游뱂,original,7904645983700098584
13.11.2025 18:18:38,user11,洧내洧냗洧냜-洧뉧롏쇓롏쉻롏洧-洧릟,Hi,original,5041598047022061245
13.11.2025 18:23:03,user45,洧내洧냗洧냜-洧뉧롏쇓롏쉻롏洧,Guten Tag,original,3126825988491670174
13.11.2025 18:28:51,user22,洧내洧냗洧냜-洧뉧롏쇓롏쉻롏洧,Was machst du? 游땙,original,1135932762809896887
13.11.2025 18:31:07,user23,洧내洧냗洧냜-洧뉧롏쇓롏쉻롏洧-洧릟,Was machst du?,bearbeitet,9461579184831653866
13.11.2025 18:49:08,user27,洧내洧냗洧냜-洧뉧롏쇓롏쉻롏洧-洧릠,Hallo 仇벒잺,bearbeitet,8772360636878929522
13.11.2025 19:13:57,user37,洧내洧냗洧냜-洧뉧롏쇓롏쉻롏洧,Wie geht es dir? 游뱂,original,3105497657388253071
13.11.2025 19:17:52,user44,洧내洧냗洧냜-洧뉧롏쇓롏쉻롏洧-洧릠,Hast du trainiert?,bearbeitet,3019365470745118929
13.11.2025 19:36:44,user01,洧내洧냗洧냜-洧뉧롏쇓롏쉻롏洧-洧릠,Was machst du?,original,7456115431932338357
13.11.2025 20:04:23,user06,洧내洧냗洧냜-洧뉧롏쇓롏쉻롏洧-洧릠,Hast du trainiert? 仇벒잺,original,3622797876275024116
13.11.2025 20:28:28,user05,洧내洧냗洧냜-洧뉧롏쇓롏쉻롏洧,Wie geht es dir? 游땙,original,2796336122638105551
13.11.2025 20:42:35,user48,洧내洧냗洧냜-洧뉧롏쇓롏쉻롏洧,Was denkst du dar칲ber?,original,5604893749739434043
13.11.2025 20:43:20,user10,洧내洧냗洧냜-洧뉧롏쇓롏쉻롏洧-洧릠,Was denkst du dar칲ber?,original,2798264645436727990
13.11.2025 21:12:42,user13,洧내洧냗洧냜-洧뉧롏쇓롏쉻롏洧,Was denkst du dar칲ber?,original,4691519727993350946
13.11.2025 21:25:19,user32,洧내洧냗洧냜-洧뉧롏쇓롏쉻롏洧,Ich stimme zu 游댠,original,3212818538792172123
13.11.2025 21:36:43,user12,洧내洧냗洧냜-洧뉧롏쇓롏쉻롏洧-洧릠,Hey,bearbeitet,3465301673897499839
13.11.2025 21:59:25,user22,洧내洧냗洧냜-洧뉧롏쇓롏쉻롏洧,Das ist lustig 游땍,original,9450020805192163121
13.11.2025 22:23:18,user04,洧내洧냗洧냜-洧뉧롏쇓롏쉻롏洧-洧릟,Mir geht es gut 游,gel칬scht,5151989504107229436
13.11.2025 22:30:27,user46,洧내洧냗洧냜-洧뉧롏쇓롏쉻롏洧-洧릟,Hey,original,2257471474611010051
13.11.2025 22:43:30,user29,洧내洧냗洧냜-洧뉧롏쇓롏쉻롏洧-洧릠,Wie geht es dir? 游눮,original,1274508778711911723
13.11.2025 22:51:31,user43,洧내洧냗洧냜-洧뉧롏쇓롏쉻롏洧-洧릠,Was machst du? 游눮,original,6498623598701491941
13.11.2025 23:12:58,user41,洧내洧냗洧냜-洧뉧롏쇓롏쉻롏洧-洧릠,Hi 游눮,original,2127945167353681063
13.11.2025 23:32:40,user23,洧내洧냗洧냜-洧뉧롏쇓롏쉻롏洧-洧릠,Was machst du?,original,8245031291260886274
13.11.2025 23:59:10,user11,洧내洧냗洧냜-洧뉧롏쇓롏쉻롏洧-洧릟,Schau dir das an: https://tenor.com/view/example-gif,original,1611984871120060204
14.11.2025 00:20:09,user37,洧내洧냗洧냜-洧뉧롏쇓롏쉻롏洧-洧릠,Wie geht es dir?,original,2525366365398171876
14.11.2025 00:23:16,user05,洧내洧냗洧냜-洧뉧롏쇓롏쉻롏洧-洧릠,Was denkst du dar칲ber?,original,5998100396846961467
14.11.2025 00:45:28,user31,洧내洧냗洧냜-洧뉧롏쇓롏쉻롏洧-洧릟,Was denkst du dar칲ber?,original,9561848283930367696
14.11.2025 00:47:17,user43,洧내洧냗洧냜-洧뉧롏쇓롏쉻롏洧-洧릟,Interessant!,bearbeitet,5707339129432214352
14.11.2025 01:04:06,user36,洧내洧냗洧냜-洧뉧롏쇓롏쉻롏洧-洧릟,Hast du trainiert?,original,9504430557405354865
14.11.2025 01:25:48,user30,洧내洧냗洧냜-洧뉧롏쇓롏쉻롏洧-洧릠,Was machst du?,original,5920781556517119040
14.11.2025 01:29:55,user12,洧내洧냗洧냜-洧뉧롏쇓롏쉻롏洧,Was denkst du dar칲ber?,original,6313855753987437869
14.11.2025 01:42:01,user24,洧내洧냗洧냜-洧뉧롏쇓롏쉻롏洧,Hast du trainiert? 游땍,original,6510563028996666160
14.11.2025 01:59:31,user25,洧내洧냗洧냜-洧뉧롏쇓롏쉻롏洧-洧릠,Keine Ahnung 游뱂 游땙,bearbeitet,7224675764042721930
14.11.2025 02:07:03,user06,洧내洧냗洧냜-洧뉧롏쇓롏쉻롏洧-洧릟,Wie geht es dir? 游땙,original,7073135176642734344
14.11.2025 02:33:07,user40,洧내洧냗洧냜-洧뉧롏쇓롏쉻롏洧,Alles bestens 游녨,original,5865156996102898297
14.11.2025 02:56:15,user15,洧내洧냗洧냜-洧뉧롏쇓롏쉻롏洧-洧릟,Guten Tag,original,9488324915219470474
14.11.2025 03:22:08,user25,洧내洧냗洧냜-洧뉧롏쇓롏쉻롏洧,Was machst du? 游땍,bearbeitet,1151933269329046104
14.11.2025 03:43:07,user01,洧내洧냗洧냜-洧뉧롏쇓롏쉻롏洧-洧릟,Wie geht es dir? 游녨,original,9999422547539916129
14.11.2025 03:51:50,user03,洧내洧냗洧냜-洧뉧롏쇓롏쉻롏洧-洧릠,Was machst du?,original,5766177304485621301
14.11.2025 04:10:49,user21,洧내洧냗洧냜-洧뉧롏쇓롏쉻롏洧-洧릠,Was denkst du dar칲ber? 游땙,original,9771430042950282966
14.11.2025 04:12:46,user06,洧내洧냗洧냜-洧뉧롏쇓롏쉻롏洧-洧릠,Was machst du?,original,7653059740208714131
14.11.2025 04:24:57,user06,洧내洧냗洧냜-洧뉧롏쇓롏쉻롏洧-洧릟,Ich stimme zu,original,2919342280879594965
14.11.2025 04:45:41,user47,洧내洧냗洧냜-洧뉧롏쇓롏쉻롏洧-洧릠,Alles bestens,bearbeitet,8686205424171384083
14.11.2025 04:56:05,user45,洧내洧냗洧냜-洧뉧롏쇓롏쉻롏洧-洧릟,Hi,original,1236967996492294738
14.11.2025 05:09:54,user27,洧내洧냗洧냜-洧뉧롏쇓롏쉻롏洧,Ich stimme zu,bearbeitet,6407283621584586542
14.11.2025 05:37:32,user47,洧내洧냗洧냜-洧뉧롏쇓롏쉻롏洧-洧릠,Ich mag Z칲ge 游댠,original,3856811565417383890
14.11.2025 05:57:43,user22,洧내洧냗洧냜-洧뉧롏쇓롏쉻롏洧-洧릠,Hast du trainiert?,original,1940554684477349678
14.11.2025 06:11:03,user25,洧내洧냗洧냜-洧뉧롏쇓롏쉻롏洧-洧릠,Schau dir das an: https://tenor.com/view/example-gif,original,4616571036572183475
14.11.2025 06:34:40,user38,洧내洧냗洧냜-洧뉧롏쇓롏쉻롏洧-洧릟,Was machst du?,original,7114565749137788785
14.11.2025 06:44:20,user07,洧내洧냗洧냜-洧뉧롏쇓롏쉻롏洧-洧릟,Was denkst du dar칲ber?,original,1898302517003559636
14.11.2025 07:12:47,user14,洧내洧냗洧냜-洧뉧롏쇓롏쉻롏洧-洧릠,Hallo,original,6023128652951364260
14.11.2025 07:34:10,user38,洧내洧냗洧냜-洧뉧롏쇓롏쉻롏洧-洧릟,Was denkst du dar칲ber?,bearbeitet,9579417781126310853
14.11.2025 07:52:11,user35,洧내洧냗洧냜-洧뉧롏쇓롏쉻롏洧,Hast du trainiert? 游뱂,original,4648521716003624242
14.11.2025 07:58:08,user23,洧내洧냗洧냜-洧뉧롏쇓롏쉻롏洧,Schau dir das an: https://tenor.com/view/example-gif,original,2713385770445627426
14.11.2025 08:19:11,user35,洧내洧냗洧냜-洧뉧롏쇓롏쉻롏洧,Schau dir das an: https://tenor.com/view/example-gif,original,6099887094342721095
14.11.2025 08:27:03,user09,洧내洧냗洧냜-洧뉧롏쇓롏쉻롏洧-洧릟,Was machst du? 游땙,original,4266990459082671740
14.11.2025 08:35:30,user04,洧내洧냗洧냜-洧뉧롏쇓롏쉻롏洧-洧릠,Hallo,bearbeitet,7577798845049855821
14.11.2025 08:43:58,user26,洧내洧냗洧냜-洧뉧롏쇓롏쉻롏洧,Hast du trainiert?,bearbeitet,3349802187910207613
14.11.2025 09:06:59,user03,洧내洧냗洧냜-洧뉧롏쇓롏쉻롏洧-洧릟,Hast du trainiert?,original,2273933971451178671
14.11.2025 09:33:20,user29,洧내洧냗洧냜-洧뉧롏쇓롏쉻롏洧,Alles bestens,original,9614589192708280273
14.11.2025 09:57:33,user11,洧내洧냗洧냜-洧뉧롏쇓롏쉻롏洧-洧릠,Hallo,original,3721006122578942071
14.11.2025 10:06:05,user45,洧내洧냗洧냜-洧뉧롏쇓롏쉻롏洧-洧릟,Guten Tag,original,1512853487753259960
14.11.2025 10:24:33,user25,洧내洧냗洧냜-洧뉧롏쇓롏쉻롏洧,Hast du trainiert?,original,7907955727913035624
14.11.2025 10:45:10,user39,洧내洧냗洧냜-洧뉧롏쇓롏쉻롏洧-洧릠,Schau dir das an: https://tenor.com/view/example-gif,original,3806417085053190237
14.11.2025 10:53:45,user21,洧내洧냗洧냜-洧뉧롏쇓롏쉻롏洧-洧릟,Mir geht es gut,original,6868606754593795148
14.11.2025 11:07:57,user39,洧내洧냗洧냜-洧뉧롏쇓롏쉻롏洧-洧릠,Was machst du?,original,7287757075907265989
14.11.2025 11:12:29,user15,洧내洧냗洧냜-洧뉧롏쇓롏쉻롏洧,Ich mag Z칲ge,original,5174582266662783700
14.11.2025 11:31:18,user20,洧내洧냗洧냜-洧뉧롏쇓롏쉻롏洧,Das ist lustig 游땍 游댠,original,8585309224612587088
14.11.2025 11:39:18,user36,洧내洧냗洧냜-洧뉧롏쇓롏쉻롏洧,Was machst du?,original,3174708190206646182
14.11.2025 12:02:22,user38,洧내洧냗洧냜-洧뉧롏쇓롏쉻롏洧-洧릟,Hast du trainiert?,original,5919663988264104402
14.11.2025 12:05:35,user44,洧내洧냗洧냜-洧뉧롏쇓롏쉻롏洧-洧릟,Ich stimme zu,bearbeitet,9934823261224460594
14.11.2025 12:29:29,user50,洧내洧냗洧냜-洧뉧롏쇓롏쉻롏洧-洧릠,Hast du trainiert?,original,8490288916466027449
14.11.2025 12:44:07,user09,洧내洧냗洧냜-洧뉧롏쇓롏쉻롏洧-洧릠,Was machst du?,original,9729989990433537565
14.11.2025 13:08:50,user14,洧내洧냗洧냜-洧뉧롏쇓롏쉻롏洧,Schau dir das an: https://tenor.com/view/example-gif 游댠,bearbeitet,2955337429202491004
14.11.2025 13:13:16,user30,洧내洧냗洧냜-洧뉧롏쇓롏쉻롏洧,Hast du trainiert? 游뱂,original,9058796163286805493
14.11.2025 13:33:36,user03,洧내洧냗洧냜-洧뉧롏쇓롏쉻롏洧-洧릠,Schau dir das an: https://tenor.com/view/example-gif 游뱂,gel칬scht,3689197056122080241
14.11.2025 13:48:08,user06,洧내洧냗洧냜-洧뉧롏쇓롏쉻롏洧-洧릠,Wie geht es dir? 游땙,original,4489949034811876263
14.11.2025 13:58:18,user16,洧내洧냗洧냜-洧뉧롏쇓롏쉻롏洧,Ich mag Z칲ge,original,6407649211098167752
14.11.2025 14:08:58,user02,洧내洧냗洧냜-洧뉧롏쇓롏쉻롏洧-洧릠,Was denkst du dar칲ber?,original,8298391318045197929
14.11.2025 14:36:33,user10,洧내洧냗洧냜-洧뉧롏쇓롏쉻롏洧-洧릟,Schau dir das an: https://tenor.com/view/example-gif,bearbeitet,4909589747934895321
14.11.2025 14:42:22,user34,洧내洧냗洧냜-洧뉧롏쇓롏쉻롏洧-洧릟,Interessant!,original,9794873949632442895
14.11.2025 14:49:28,user09,洧내洧냗洧냜-洧뉧롏쇓롏쉻롏洧-洧릟,Was machst du?,original,2670060645692221984
14.11.2025 15:04:21,user17,洧내洧냗洧냜-洧뉧롏쇓롏쉻롏洧-洧릠,Wie geht es dir?,original,9628898912006801079
14.11.2025 15:07:48,user40,洧내洧냗洧냜-洧뉧롏쇓롏쉻롏洧,Hast du trainiert?,original,4612041547157018885
14.11.2025 15:34:49,user34,洧내洧냗洧냜-洧뉧롏쇓롏쉻롏洧,Das ist lustig 游땍,bearbeitet,8184226747183966824
14.11.2025 15:50:09,user33,洧내洧냗洧냜-洧뉧롏쇓롏쉻롏洧-洧릠,Wie geht es dir?,original,3231430795048016028
14.11.2025 15:51:41,user31,洧내洧냗洧냜-洧뉧롏쇓롏쉻롏洧,Schau dir das an: https://tenor.com/view/example-gif 游댠,original,4372882240899975485
14.11.2025 16:09:42,user44,洧내洧냗洧냜-洧뉧롏쇓롏쉻롏洧-洧릟,Ich stimme zu,original,3064451970060035586
14.11.2025 16:39:33,user31,洧내洧냗洧냜-洧뉧롏쇓롏쉻롏洧-洧릠,Alles bestens,original,9013891349260887014
14.11.2025 17:01:46,user37,洧내洧냗洧냜-洧뉧롏쇓롏쉻롏洧,Hallo 游눮,original,1176282309335989189
14.11.2025 17:09:25,user50,洧내洧냗洧냜-洧뉧롏쇓롏쉻롏洧,Mir geht es gut 游눮,original,9658383682574188774
14.11.2025 17:19:39,user33,洧내洧냗洧냜-洧뉧롏쇓롏쉻롏洧-洧릠,Hast du trainiert? 游녨,bearbeitet,3791624095154746283
14.11.2025 17:41:58,user25,洧내洧냗洧냜-洧뉧롏쇓롏쉻롏洧-洧릠,Keine Ahnung 游뱂 游뱂,original,1457177123776360722
14.11.2025 17:59:09,user30,洧내洧냗洧냜-洧뉧롏쇓롏쉻롏洧-洧릟,Hey 游땍,original,4766165270115636521
14.11.2025 18:23:35,user02,洧내洧냗洧냜-洧뉧롏쇓롏쉻롏洧,Hallo,gel칬scht,5326220416507525086
14.11.2025 18:51:39,user40,洧내洧냗洧냜-洧뉧롏쇓롏쉻롏洧-洧릟,Hi 游뱂,original,8853783535102125350
14.11.2025 19:13:57,user47,洧내洧냗洧냜-洧뉧롏쇓롏쉻롏洧,Guten Tag 游뱂,original,3823666038573880595
14.11.2025 19:21:33,user11,洧내洧냗洧냜-洧뉧롏쇓롏쉻롏洧-洧릟,Mir geht es gut,original,9770320909419127330
14.11.2025 19:47:49,user31,洧내洧냗洧냜-洧뉧롏쇓롏쉻롏洧,Was denkst du dar칲ber?,original,3162988681895142948
14.11.2025 20:02:23,user12,洧내洧냗洧냜-洧뉧롏쇓롏쉻롏洧,Was machst du?,original,6983283187731120196
14.11.2025 20:28:07,user29,洧내洧냗洧냜-洧뉧롏쇓롏쉻롏洧-洧릠,Hallo,bearbeitet,4740808050264289448
14.11.2025 20:35:54,user06,洧내洧냗洧냜-洧뉧롏쇓롏쉻롏洧,Wie geht es dir? 游댠,original,3358168289270968915
14.11.2025 21:04:09,user18,洧내洧냗洧냜-洧뉧롏쇓롏쉻롏洧,Keine Ahnung 游뱂,original,7416477978653371062
14.11.2025 21:14:55,user45,洧내洧냗洧냜-洧뉧롏쇓롏쉻롏洧-洧릟,Wie geht es dir? 仇벒잺,original,7011515386894284324
14.11.2025 21:25:05,user30,洧내洧냗洧냜-洧뉧롏쇓롏쉻롏洧,Hi,original,7422748366347996273
14.11.2025 21:30:37,user41,洧내洧냗洧냜-洧뉧롏쇓롏쉻롏洧-洧릟,Hi,bearbeitet,3336035227887449737
14.11.2025 21:31:13,user39,洧내洧냗洧냜-洧뉧롏쇓롏쉻롏洧-洧릟,Hast du trainiert?,gel칬scht,2524726519166281717
14.11.2025 21:46:27,user06,洧내洧냗洧냜-洧뉧롏쇓롏쉻롏洧-洧릠,Hallo,original,3090393277795448140
14.11.2025 22:09:33,user31,洧내洧냗洧냜-洧뉧롏쇓롏쉻롏洧-洧릟,Mir geht es gut,bearbeitet,8738178133758645808
14.11.2025 22:25:26,user14,洧내洧냗洧냜-洧뉧롏쇓롏쉻롏洧,Interessant!,bearbeitet,8937870844820916261
14.11.2025 22:43:26,user20,洧내洧냗洧냜-洧뉧롏쇓롏쉻롏洧-洧릠,Was machst du?,original,1554595267335767205
14.11.2025 23:12:53,user25,洧내洧냗洧냜-洧뉧롏쇓롏쉻롏洧-洧릟,Was denkst du dar칲ber?,original,2819106613594214035
14.11.2025 23:25:37,user15,洧내洧냗洧냜-洧뉧롏쇓롏쉻롏洧-洧릟,Was machst du?,original,7944124572774017026
14.11.2025 23:32:36,user10,洧내洧냗洧냜-洧뉧롏쇓롏쉻롏洧-洧릟,Alles bestens,original,2278737755838580990
14.11.2025 23:46:30,user26,洧내洧냗洧냜-洧뉧롏쇓롏쉻롏洧-洧릟,Ich stimme zu,gel칬scht,7848933712154616817
15.11.2025 00:12:28,user04,洧내洧냗洧냜-洧뉧롏쇓롏쉻롏洧-洧릟,Hast du trainiert?,gel칬scht,3412106659564450226
15.11.2025 00:37:22,user27,洧내洧냗洧냜-洧뉧롏쇓롏쉻롏洧-洧릟,Mir geht es gut,bearbeitet,1628235805373318516
15.11.2025 00:53:50,user01,洧내洧냗洧냜-洧뉧롏쇓롏쉻롏洧-洧릠,Was machst du? 游땍,gel칬scht,3295915788074269500
15.11.2025 01:22:20,user45,洧내洧냗洧냜-洧뉧롏쇓롏쉻롏洧-洧릠,Was denkst du dar칲ber?,original,9461470263239747036
15.11.2025 01:48:21,user21,洧내洧냗洧냜-洧뉧롏쇓롏쉻롏洧-洧릟,Ich mag Z칲ge 游뱂,original,2911913691142689952
15.11.2025 01:58:12,user39,洧내洧냗洧냜-洧뉧롏쇓롏쉻롏洧-洧릠,Wie geht es dir? 游땙,gel칬scht,9372436524723989052
15.11.2025 02:06:27,user10,洧내洧냗洧냜-洧뉧롏쇓롏쉻롏洧-洧릠,Hey,original,8400377784887433500
15.11.2025 02:22:13,user27,洧내洧냗洧냜-洧뉧롏쇓롏쉻롏洧-洧릟,Alles bestens,original,3212582547191846673
15.11.2025 02:24:50,user20,洧내洧냗洧냜-洧뉧롏쇓롏쉻롏洧-洧릟,Hallo,original,7775702689537907123
15.11.2025 02:35:02,user28,洧내洧냗洧냜-洧뉧롏쇓롏쉻롏洧-洧릟,Keine Ahnung 游뱂,original,5328680413975273458
15.11.2025 02:53:34,user28,洧내洧냗洧냜-洧뉧롏쇓롏쉻롏洧,Wie geht es dir?,original,6266194633972971244
15.11.2025 03:08:26,user30,洧내洧냗洧냜-洧뉧롏쇓롏쉻롏洧-洧릟,Schau dir das an: https://tenor.com/view/example-gif,original,3329422315879395018
15.11.2025 03:38:12,user44,洧내洧냗洧냜-洧뉧롏쇓롏쉻롏洧-洧릠,Was machst du? 游땍,original,3888299351033825621
15.11.2025 03:51:20,user13,洧내洧냗洧냜-洧뉧롏쇓롏쉻롏洧,Was denkst du dar칲ber? 游땍,original,9984433400379655071
15.11.2025 04:15:52,user08,洧내洧냗洧냜-洧뉧롏쇓롏쉻롏洧-洧릟,Was denkst du dar칲ber?,original,6798717857962338669
15.11.2025 04:37:10,user14,洧내洧냗洧냜-洧뉧롏쇓롏쉻롏洧,Hallo,bearbeitet,2975719315482649489
15.11.2025 04:54:45,user11,洧내洧냗洧냜-洧뉧롏쇓롏쉻롏洧-洧릟,Mir geht es gut,original,3939787697377663136
15.11.2025 05:10:02,user42,洧내洧냗洧냜-洧뉧롏쇓롏쉻롏洧,Was machst du?,original,8623052389953856854
15.11.2025 05:24:00,user21,洧내洧냗洧냜-洧뉧롏쇓롏쉻롏洧-洧릠,Wie geht es dir?,original,5329615804389416470
15.11.2025 05:53:45,user14,洧내洧냗洧냜-洧뉧롏쇓롏쉻롏洧-洧릟,Ich mag Z칲ge 游녨,bearbeitet,3809624083093869019
15.11.2025 06:01:16,user06,洧내洧냗洧냜-洧뉧롏쇓롏쉻롏洧-洧릠,Was machst du?,original,3286615419250168456
15.11.2025 06:02:47,user30,洧내洧냗洧냜-洧뉧롏쇓롏쉻롏洧-洧릟,Interessant! 仇벒잺,original,6378486496033791447
15.11.2025 06:07:47,user29,洧내洧냗洧냜-洧뉧롏쇓롏쉻롏洧-洧릟,Was denkst du dar칲ber?,original,5954126257385678051
15.11.2025 06:20:45,user41,洧내洧냗洧냜-洧뉧롏쇓롏쉻롏洧-洧릠,Schau dir das an: https://tenor.com/view/example-gif 游눮,bearbeitet,8089709074892448667
15.11.2025 06:46:56,user48,洧내洧냗洧냜-洧뉧롏쇓롏쉻롏洧-洧릠,Was denkst du dar칲ber?,original,2993502514752110573
15.11.2025 06:55:22,user07,洧내洧냗洧냜-洧뉧롏쇓롏쉻롏洧-洧릠,Schau dir das an: https://tenor.com/view/example-gif 游땍,bearbeitet,7452018569598744552
15.11.2025 06:58:46,user44,洧내洧냗洧냜-洧뉧롏쇓롏쉻롏洧-洧릠,Was machst du?,original,5795900253872802268
15.11.2025 07:01:23,user05,洧내洧냗洧냜-洧뉧롏쇓롏쉻롏洧-洧릟,Wie geht es dir?,original,4213837386299048844
15.11.2025 07:07:42,user22,洧내洧냗洧냜-洧뉧롏쇓롏쉻롏洧-洧릟,Wie geht es dir?,gel칬scht,3200945439566652537
15.11.2025 07:32:55,user24,洧내洧냗洧냜-洧뉧롏쇓롏쉻롏洧-洧릟,Guten Tag 仇벒잺,original,5594050906219118338
15.11.2025 07:49:51,user26,洧내洧냗洧냜-洧뉧롏쇓롏쉻롏洧-洧릟,Mir geht es gut 游땙,original,8796582299337431565
15.11.2025 08:01:53,user25,洧내洧냗洧냜-洧뉧롏쇓롏쉻롏洧-洧릠,Schau dir das an: https://tenor.com/view/example-gif,bearbeitet,3208633754629551410
15.11.2025 08:28:54,user24,洧내洧냗洧냜-洧뉧롏쇓롏쉻롏洧,Hast du trainiert? 游녨,original,2243726424110068383
15.11.2025 08:40:14,user42,洧내洧냗洧냜-洧뉧롏쇓롏쉻롏洧-洧릠,Hast du trainiert? 游땍,original,5447273340333821406
15.11.2025 08:43:16,user37,洧내洧냗洧냜-洧뉧롏쇓롏쉻롏洧-洧릠,Interessant! 仇벒잺,original,4203857430144005875
15.11.2025 09:01:08,user32,洧내洧냗洧냜-洧뉧롏쇓롏쉻롏洧,Hast du trainiert?,original,5867503090863074401
15.11.2025 09:25:54,user14,洧내洧냗洧냜-洧뉧롏쇓롏쉻롏洧-洧릠,Wie geht es dir? 游땙,original,4056362756183519036
15.11.2025 09:33:30,user09,洧내洧냗洧냜-洧뉧롏쇓롏쉻롏洧-洧릟,Interessant! 游댠,bearbeitet,9048099103739261142
15.11.2025 09:41:10,user43,洧내洧냗洧냜-洧뉧롏쇓롏쉻롏洧-洧릠,Ich stimme zu,bearbeitet,5725894098742424657
15.11.2025 10:09:10,user38,洧내洧냗洧냜-洧뉧롏쇓롏쉻롏洧-洧릟,Interessant! 游눮,original,7120282231495781548
15.11.2025 10:31:31,user19,洧내洧냗洧냜-洧뉧롏쇓롏쉻롏洧-洧릠,Hast du trainiert?,original,5758542888341784751
15.11.2025 10:44:25,user21,洧내洧냗洧냜-洧뉧롏쇓롏쉻롏洧,Alles bestens,original,8834405687461314488
15.11.2025 10:55:01,user15,洧내洧냗洧냜-洧뉧롏쇓롏쉻롏洧,Hey,original,4463264805797699689
15.11.2025 10:57:47,user18,洧내洧냗洧냜-洧뉧롏쇓롏쉻롏洧-洧릠,Was denkst du dar칲ber?,original,8762582395459115492
15.11.2025 11:22:16,user17,洧내洧냗洧냜-洧뉧롏쇓롏쉻롏洧-洧릠,Wie geht es dir?,original,7213833265021480380
15.11.2025 11:50:44,user15,洧내洧냗洧냜-洧뉧롏쇓롏쉻롏洧-洧릟,Schau dir das an: https://tenor.com/view/example-gif,original,7933335248645098464
15.11.2025 11:53:11,user23,洧내洧냗洧냜-洧뉧롏쇓롏쉻롏洧-洧릠,Was denkst du dar칲ber?,original,3177127203120348241
15.11.2025 12:11:12,user30,洧내洧냗洧냜-洧뉧롏쇓롏쉻롏洧-洧릟,Ich stimme zu,original,9397080029195586479
15.11.2025 12:24:35,user07,洧내洧냗洧냜-洧뉧롏쇓롏쉻롏洧-洧릟,Was machst du?,original,3303056002071991434
15.11.2025 12:28:40,user42,洧내洧냗洧냜-洧뉧롏쇓롏쉻롏洧-洧릠,Was denkst du dar칲ber?,gel칬scht,3540657847862858029
15.11.2025 12:34:11,user14,洧내洧냗洧냜-洧뉧롏쇓롏쉻롏洧-洧릠,Was denkst du dar칲ber?,original,5447740183430222862
15.11.2025 12:58:32,user19,洧내洧냗洧냜-洧뉧롏쇓롏쉻롏洧,Schau dir das an: https://tenor.com/view/example-gif,bearbeitet,3170363028630653931
15.11.2025 13:14:44,user39,洧내洧냗洧냜-洧뉧롏쇓롏쉻롏洧-洧릟,Interessant! 游땍,original,1815237057506012001
15.11.2025 13:38:48,user33,洧내洧냗洧냜-洧뉧롏쇓롏쉻롏洧-洧릠,Hey,original,1754799688897153412
15.11.2025 13:39:12,user11,洧내洧냗洧냜-洧뉧롏쇓롏쉻롏洧,Was machst du? 仇벒잺,original,5018741229572630395
15.11.2025 14:07:55,user30,洧내洧냗洧냜-洧뉧롏쇓롏쉻롏洧,Wie geht es dir?,original,1881084436387667194
15.11.2025 14:20:15,user31,洧내洧냗洧냜-洧뉧롏쇓롏쉻롏洧-洧릠,Wie geht es dir?,bearbeitet,6127789990225088794
15.11.2025 14:29:23,user34,洧내洧냗洧냜-洧뉧롏쇓롏쉻롏洧-洧릠,Was denkst du dar칲ber?,gel칬scht,6987464046092082920
15.11.2025 14:48:10,user18,洧내洧냗洧냜-洧뉧롏쇓롏쉻롏洧-洧릟,Was denkst du dar칲ber?,original,6176853163284478972
15.11.2025 15:11:00,user39,洧내洧냗洧냜-洧뉧롏쇓롏쉻롏洧,Hey 游뱂,gel칬scht,8066950626356570861
15.11.2025 15:34:05,user07,洧내洧냗洧냜-洧뉧롏쇓롏쉻롏洧-洧릠,Hast du trainiert?,gel칬scht,8068329619621390411
15.11.2025 15:48:54,user44,洧내洧냗洧냜-洧뉧롏쇓롏쉻롏洧-洧릠,Hast du trainiert?,bearbeitet,7694252968099089382
15.11.2025 16:13:01,user11,洧내洧냗洧냜-洧뉧롏쇓롏쉻롏洧,Hi,original,7169502238083071912
15.11.2025 16:15:30,user46,洧내洧냗洧냜-洧뉧롏쇓롏쉻롏洧-洧릠,Hallo 仇벒잺,bearbeitet,9767493282459323950
15.11.2025 16:19:10,user14,洧내洧냗洧냜-洧뉧롏쇓롏쉻롏洧-洧릟,Ich mag Z칲ge,gel칬scht,5644323914547133449
15.11.2025 16:27:07,user10,洧내洧냗洧냜-洧뉧롏쇓롏쉻롏洧-洧릠,Hast du trainiert?,bearbeitet,4472322001655008872
15.11.2025 16:41:17,user40,洧내洧냗洧냜-洧뉧롏쇓롏쉻롏洧-洧릟,Hast du trainiert?,original,5002905571469687542
15.11.2025 17:05:08,user34,洧내洧냗洧냜-洧뉧롏쇓롏쉻롏洧-洧릠,Interessant! 仇벒잺,bearbeitet,5617043958901465734
15.11.2025 17:33:30,user16,洧내洧냗洧냜-洧뉧롏쇓롏쉻롏洧-洧릟,Was denkst du dar칲ber?,gel칬scht,1100101313637805380
15.11.2025 17:53:32,user14,洧내洧냗洧냜-洧뉧롏쇓롏쉻롏洧,Hast du trainiert?,original,7963881664200128330
15.11.2025 18:07:32,user11,洧내洧냗洧냜-洧뉧롏쇓롏쉻롏洧-洧릠,Wie geht es dir?,original,3902316956591243469
15.11.2025 18:09:43,user41,洧내洧냗洧냜-洧뉧롏쇓롏쉻롏洧-洧릟,Mir geht es gut,gel칬scht,4382855364541750758
15.11.2025 18:32:12,user40,洧내洧냗洧냜-洧뉧롏쇓롏쉻롏洧-洧릟,Wie geht es dir?,bearbeitet,2349696299051210678
15.11.2025 18:45:42,user06,洧내洧냗洧냜-洧뉧롏쇓롏쉻롏洧-洧릠,Wie geht es dir? 游땙,original,8640493876618676336
15.11.2025 18:50:40,user23,洧내洧냗洧냜-洧뉧롏쇓롏쉻롏洧,Was machst du?,gel칬scht,8460607347269689974
15.11.2025 19:19:06,user01,洧내洧냗洧냜-洧뉧롏쇓롏쉻롏洧-洧릠,Keine Ahnung 游뱂,bearbeitet,9031576605003222358
15.11.2025 19:42:24,user29,洧내洧냗洧냜-洧뉧롏쇓롏쉻롏洧-洧릠,Hey 游땍,gel칬scht,7385198038450956614
15.11.2025 19:51:36,user42,洧내洧냗洧냜-洧뉧롏쇓롏쉻롏洧,Schau dir das an: https://tenor.com/view/example-gif,bearbeitet,8825176413747163122
15.11.2025 20:02:50,user30,洧내洧냗洧냜-洧뉧롏쇓롏쉻롏洧-洧릠,Hallo,original,4376066844682559602
15.11.2025 20:09:30,user49,洧내洧냗洧냜-洧뉧롏쇓롏쉻롏洧-洧릠,Alles bestens,bearbeitet,1001129826060868784
15.11.2025 20:23:14,user13,洧내洧냗洧냜-洧뉧롏쇓롏쉻롏洧-洧릠,Guten Tag,original,6067421751627202239
15.11.2025 20:34:46,user33,洧내洧냗洧냜-洧뉧롏쇓롏쉻롏洧,Wie geht es dir?,original,2746748992602751884
15.11.2025 20:37:50,user31,洧내洧냗洧냜-洧뉧롏쇓롏쉻롏洧,Alles bestens 游댠,original,8181725534635344783
15.11.2025 20:41:59,user16,洧내洧냗洧냜-洧뉧롏쇓롏쉻롏洧,Guten Tag,original,9913283892690291653
15.11.2025 21:07:08,user18,洧내洧냗洧냜-洧뉧롏쇓롏쉻롏洧-洧릟,Alles bestens 游땙,original,2319593295115236980
15.11.2025 21:28:38,user40,洧내洧냗洧냜-洧뉧롏쇓롏쉻롏洧,Keine Ahnung 游뱂 游녨,original,5740108999209823008
15.11.2025 21:39:20,user45,洧내洧냗洧냜-洧뉧롏쇓롏쉻롏洧,Was denkst du dar칲ber?,original,8006575253958261581
15.11.2025 21:42:48,user44,洧내洧냗洧냜-洧뉧롏쇓롏쉻롏洧-洧릟,Was machst du?,gel칬scht,5862548449099370047
15.11.2025 22:12:20,user21,洧내洧냗洧냜-洧뉧롏쇓롏쉻롏洧-洧릟,Hast du trainiert?,original,3462789626881813018
15.11.2025 22:20:03,user32,洧내洧냗洧냜-洧뉧롏쇓롏쉻롏洧-洧릟,Hast du trainiert?,original,2794839180198552796
15.11.2025 22:34:00,user46,洧내洧냗洧냜-洧뉧롏쇓롏쉻롏洧,Hey,original,7645017549829426135
15.11.2025 22:34:25,user03,洧내洧냗洧냜-洧뉧롏쇓롏쉻롏洧,Was machst du?,original,1917213661915619293
15.11.2025 22:45:29,user25,洧내洧냗洧냜-洧뉧롏쇓롏쉻롏洧-洧릟,Hast du trainiert? 仇벒잺,original,2997078131290616467
15.11.2025 23:15:03,user38,洧내洧냗洧냜-洧뉧롏쇓롏쉻롏洧-洧릟,Hey,original,5687535025327767168
15.11.2025 23:35:11,user19,洧내洧냗洧냜-洧뉧롏쇓롏쉻롏洧-洧릟,Keine Ahnung 游뱂,original,7414016355709737361
16.11.2025 00:02:11,user40,洧내洧냗洧냜-洧뉧롏쇓롏쉻롏洧-洧릟,Wie geht es dir?,original,3083383094894195613
16.11.2025 00:15:49,user45,洧내洧냗洧냜-洧뉧롏쇓롏쉻롏洧,Guten Tag,original,4040203354997808940
16.11.2025 00:33:10,user47,洧내洧냗洧냜-洧뉧롏쇓롏쉻롏洧,Interessant!,original,4766357617265902736
16.11.2025 00:38:57,user25,洧내洧냗洧냜-洧뉧롏쇓롏쉻롏洧-洧릟,Wie geht es dir? 游댠,original,7345504101793473857
16.11.2025 00:50:52,user31,洧내洧냗洧냜-洧뉧롏쇓롏쉻롏洧-洧릠,Mir geht es gut,original,9763573522754078647
16.11.2025 01:08:03,user11,洧내洧냗洧냜-洧뉧롏쇓롏쉻롏洧-洧릟,Hi,original,7733314285969015230
16.11.2025 01:21:55,user20,洧내洧냗洧냜-洧뉧롏쇓롏쉻롏洧-洧릟,Hey,gel칬scht,7713591669775572432
16.11.2025 01:46:32,user48,洧내洧냗洧냜-洧뉧롏쇓롏쉻롏洧-洧릠,Ich mag Z칲ge,gel칬scht,8616388719336647767
16.11.2025 02:02:32,user22,洧내洧냗洧냜-洧뉧롏쇓롏쉻롏洧,Hast du trainiert?,bearbeitet,6754002852668633900
16.11.2025 02:14:03,user18,洧내洧냗洧냜-洧뉧롏쇓롏쉻롏洧,Hast du trainiert? 游땙,original,8093210154220335435
16.11.2025 02:28:35,user14,洧내洧냗洧냜-洧뉧롏쇓롏쉻롏洧,Was machst du?,original,1079917626058358573
16.11.2025 02:35:28,user26,洧내洧냗洧냜-洧뉧롏쇓롏쉻롏洧-洧릠,Hallo,original,5028644358828815372
16.11.2025 03:01:51,user27,洧내洧냗洧냜-洧뉧롏쇓롏쉻롏洧,Hast du trainiert?,original,9687640988072922354
16.11.2025 03:12:46,user30,洧내洧냗洧냜-洧뉧롏쇓롏쉻롏洧-洧릟,Was machst du?,original,3732227673747695218
16.11.2025 03:13:24,user09,洧내洧냗洧냜-洧뉧롏쇓롏쉻롏洧-洧릠,Wie geht es dir?,bearbeitet,1164368841172948637
16.11.2025 03:15:39,user19,洧내洧냗洧냜-洧뉧롏쇓롏쉻롏洧,Ich mag Z칲ge 仇벒잺,original,9989342336578519941
16.11.2025 03:28:41,user11,洧내洧냗洧냜-洧뉧롏쇓롏쉻롏洧-洧릠,Wie geht es dir? 游눮,original,8666698444128336375
16.11.2025 03:40:49,user18,洧내洧냗洧냜-洧뉧롏쇓롏쉻롏洧-洧릠,Keine Ahnung 游뱂,bearbeitet,3613691308949379028
16.11.2025 04:04:19,user10,洧내洧냗洧냜-洧뉧롏쇓롏쉻롏洧,Keine Ahnung 游뱂 游눮,original,7686399023580773210
16.11.2025 04:08:00,user43,洧내洧냗洧냜-洧뉧롏쇓롏쉻롏洧-洧릠,Schau dir das an: https://tenor.com/view/example-gif,original,5961791068009636611
16.11.2025 04:15:01,user35,洧내洧냗洧냜-洧뉧롏쇓롏쉻롏洧,Wie geht es dir?,original,4230343713241022726
16.11.2025 04:42:26,user08,洧내洧냗洧냜-洧뉧롏쇓롏쉻롏洧-洧릠,Schau dir das an: https://tenor.com/view/example-gif,original,2753629863128027394
16.11.2025 05:02:54,user48,洧내洧냗洧냜-洧뉧롏쇓롏쉻롏洧-洧릟,Alles bestens 仇벒잺,original,4695939892003025373
16.11.2025 05:17:55,user34,洧내洧냗洧냜-洧뉧롏쇓롏쉻롏洧,Wie geht es dir?,original,6520419755093549496
16.11.2025 05:21:39,user27,洧내洧냗洧냜-洧뉧롏쇓롏쉻롏洧-洧릠,Was machst du? 游뱂,bearbeitet,6347741123400710526
16.11.2025 05:38:54,user27,洧내洧냗洧냜-洧뉧롏쇓롏쉻롏洧-洧릟,Was machst du?,original,1235891975388524896
16.11.2025 06:03:58,user27,洧내洧냗洧냜-洧뉧롏쇓롏쉻롏洧,Was denkst du dar칲ber? 游녨,original,2928336613346382304
16.11.2025 06:13:15,user19,洧내洧냗洧냜-洧뉧롏쇓롏쉻롏洧-洧릠,Alles bestens,original,7473569939189597152
16.11.2025 06:34:21,user03,洧내洧냗洧냜-洧뉧롏쇓롏쉻롏洧-洧릟,Hi,original,2036804257461315527
16.11.2025 06:48:46,user02,洧내洧냗洧냜-洧뉧롏쇓롏쉻롏洧,Ich stimme zu,original,3332377166382030167
16.11.2025 07:18:36,user37,洧내洧냗洧냜-洧뉧롏쇓롏쉻롏洧-洧릟,Ich stimme zu 游,original,5945977358387760404
16.11.2025 07:39:10,user02,洧내洧냗洧냜-洧뉧롏쇓롏쉻롏洧-洧릟,Hi,original,3451470698332215736
16.11.2025 08:02:46,user04,洧내洧냗洧냜-洧뉧롏쇓롏쉻롏洧,Wie geht es dir? 游댠,original,2258494895871893936
16.11.2025 08:05:43,user26,洧내洧냗洧냜-洧뉧롏쇓롏쉻롏洧,Was machst du?,bearbeitet,4041088974151994240
16.11.2025 08:07:05,user20,洧내洧냗洧냜-洧뉧롏쇓롏쉻롏洧-洧릠,Was machst du?,gel칬scht,3945322139473975174
16.11.2025 08:24:35,user10,洧내洧냗洧냜-洧뉧롏쇓롏쉻롏洧,Interessant!,bearbeitet,5530653587962537892
16.11.2025 08:45:31,user40,洧내洧냗洧냜-洧뉧롏쇓롏쉻롏洧,Was machst du? 仇벒잺,original,2583428318394401233
16.11.2025 09:10:26,user28,洧내洧냗洧냜-洧뉧롏쇓롏쉻롏洧,Wie geht es dir?,bearbeitet,6642625748280746598
16.11.2025 09:36:25,user18,洧내洧냗洧냜-洧뉧롏쇓롏쉻롏洧,Hey,original,6666353114881876734
16.11.2025 09:51:46,user20,洧내洧냗洧냜-洧뉧롏쇓롏쉻롏洧-洧릠,Ich stimme zu,gel칬scht,5101479437565184065
16.11.2025 10:08:06,user27,洧내洧냗洧냜-洧뉧롏쇓롏쉻롏洧-洧릟,Keine Ahnung 游뱂 游녨,original,9221227438430008858
16.11.2025 10:18:14,user04,洧내洧냗洧냜-洧뉧롏쇓롏쉻롏洧-洧릟,Wie geht es dir?,original,6843509956455358670
16.11.2025 10:37:58,user06,洧내洧냗洧냜-洧뉧롏쇓롏쉻롏洧-洧릟,Wie geht es dir?,original,4298952497932219074
16.11.2025 10:49:31,user21,洧내洧냗洧냜-洧뉧롏쇓롏쉻롏洧-洧릠,Was denkst du dar칲ber? 游녨,bearbeitet,3006021879741255930
16.11.2025 10:59:17,user03,洧내洧냗洧냜-洧뉧롏쇓롏쉻롏洧-洧릠,Wie geht es dir? 游뱂,bearbeitet,6789929637284305467
16.11.2025 11:22:35,user04,洧내洧냗洧냜-洧뉧롏쇓롏쉻롏洧,Mir geht es gut,original,5508869973971126740
16.11.2025 11:50:58,user07,洧내洧냗洧냜-洧뉧롏쇓롏쉻롏洧-洧릟,Wie geht es dir?,original,2657292778273099437
16.11.2025 11:52:32,user15,洧내洧냗洧냜-洧뉧롏쇓롏쉻롏洧,Mir geht es gut,original,1989716264716820241
16.11.2025 12:02:28,user02,洧내洧냗洧냜-洧뉧롏쇓롏쉻롏洧,Was machst du? 游눮,original,8265251520261464804
16.11.2025 12:11:28,user31,洧내洧냗洧냜-洧뉧롏쇓롏쉻롏洧-洧릠,Wie geht es dir?,original,5906822255211206194
16.11.2025 12:25:55,user30,洧내洧냗洧냜-洧뉧롏쇓롏쉻롏洧,Guten Tag 游땙,original,7849816216410118473
16.11.2025 12:44:57,user09,洧내洧냗洧냜-洧뉧롏쇓롏쉻롏洧,Wie geht es dir? 仇벒잺,original,2801531399347082508
16.11.2025 12:47:09,user27,洧내洧냗洧냜-洧뉧롏쇓롏쉻롏洧-洧릟,Was machst du?,original,9351041159478372759
16.11.2025 13:07:06,user22,洧내洧냗洧냜-洧뉧롏쇓롏쉻롏洧-洧릟,Mir geht es gut,original,5512618110895092614
16.11.2025 13:13:16,user18,洧내洧냗洧냜-洧뉧롏쇓롏쉻롏洧-洧릠,Wie geht es dir?,original,2941965870611040097
16.11.2025 13:35:29,user36,洧내洧냗洧냜-洧뉧롏쇓롏쉻롏洧,Schau dir das an: https://tenor.com/view/example-gif 游눮,original,9129102389874065131
16.11.2025 13:55:56,user31,洧내洧냗洧냜-洧뉧롏쇓롏쉻롏洧,Hey 游뱂,original,1517652316590146448
16.11.2025 14:09:41,user27,洧내洧냗洧냜-洧뉧롏쇓롏쉻롏洧-洧릠,Hi,bearbeitet,9123581431584182461
16.11.2025 14:14:14,user22,洧내洧냗洧냜-洧뉧롏쇓롏쉻롏洧,Mir geht es gut,original,3101384034025071348
16.11.2025 14:18:28,user28,洧내洧냗洧냜-洧뉧롏쇓롏쉻롏洧-洧릠,Was denkst du dar칲ber?,original,3912488627192681201
16.11.2025 14:41:20,user30,洧내洧냗洧냜-洧뉧롏쇓롏쉻롏洧-洧릠,Ich mag Z칲ge,original,6999264238204573336
16.11.2025 14:51:18,user25,洧내洧냗洧냜-洧뉧롏쇓롏쉻롏洧,Ich mag Z칲ge,original,6612182810221588972
16.11.2025 15:16:41,user25,洧내洧냗洧냜-洧뉧롏쇓롏쉻롏洧-洧릟,Schau dir das an: https://tenor.com/view/example-gif 游땙,original,7972356756385411559
16.11.2025 15:28:18,user22,洧내洧냗洧냜-洧뉧롏쇓롏쉻롏洧-洧릟,Das ist lustig 游땍,original,1412273707503372857
16.11.2025 15:37:45,user37,洧내洧냗洧냜-洧뉧롏쇓롏쉻롏洧-洧릠,Was denkst du dar칲ber? 游땙,original,7927457238091114683
16.11.2025 15:50:12,user16,洧내洧냗洧냜-洧뉧롏쇓롏쉻롏洧-洧릠,Hallo,original,3498397740111073763
16.11.2025 16:18:32,user17,洧내洧냗洧냜-洧뉧롏쇓롏쉻롏洧-洧릟,Hi,original,9605555678637233776
16.11.2025 16:39:05,user02,洧내洧냗洧냜-洧뉧롏쇓롏쉻롏洧-洧릠,Guten Tag,original,1168367475211772001
16.11.2025 16:57:36,user31,洧내洧냗洧냜-洧뉧롏쇓롏쉻롏洧-洧릠,Interessant!,original,3122279455094079854
16.11.2025 17:04:06,user32,洧내洧냗洧냜-洧뉧롏쇓롏쉻롏洧-洧릟,Das ist lustig 游땍,original,1752569672794452551
16.11.2025 17:08:37,user05,洧내洧냗洧냜-洧뉧롏쇓롏쉻롏洧-洧릠,Wie geht es dir?,original,5793239586729194135
16.11.2025 17:13:10,user03,洧내洧냗洧냜-洧뉧롏쇓롏쉻롏洧,Was denkst du dar칲ber? 游댠,original,1898929809462131640
16.11.2025 17:14:15,user12,洧내洧냗洧냜-洧뉧롏쇓롏쉻롏洧-洧릟,Was denkst du dar칲ber?,original,9559410753974707642
16.11.2025 17:41:59,user45,洧내洧냗洧냜-洧뉧롏쇓롏쉻롏洧,Alles bestens,original,3191467934148810697
16.11.2025 18:05:23,user04,洧내洧냗洧냜-洧뉧롏쇓롏쉻롏洧,Wie geht es dir?,original,2499931828719285852
16.11.2025 18:21:15,user13,洧내洧냗洧냜-洧뉧롏쇓롏쉻롏洧-洧릟,Guten Tag,original,5157787575873380813
16.11.2025 18:25:27,user02,洧내洧냗洧냜-洧뉧롏쇓롏쉻롏洧-洧릠,Was machst du?,bearbeitet,2284057051545488219
16.11.2025 18:36:08,user50,洧내洧냗洧냜-洧뉧롏쇓롏쉻롏洧-洧릟,Was machst du?,original,5272236769580440732
16.11.2025 18:38:27,user31,洧내洧냗洧냜-洧뉧롏쇓롏쉻롏洧-洧릠,Das ist lustig 游땍,original,4517279692503409093
16.11.2025 18:44:43,user23,洧내洧냗洧냜-洧뉧롏쇓롏쉻롏洧,Wie geht es dir?,original,7429739287366294788
16.11.2025 19:14:37,user05,洧내洧냗洧냜-洧뉧롏쇓롏쉻롏洧-洧릠,Hast du trainiert?,gel칬scht,2415378350651208372
16.11.2025 19:34:58,user25,洧내洧냗洧냜-洧뉧롏쇓롏쉻롏洧-洧릠,Keine Ahnung 游뱂 游땙,original,8316561985284894803
16.11.2025 19:57:55,user41,洧내洧냗洧냜-洧뉧롏쇓롏쉻롏洧,Was machst du?,bearbeitet,8467103410050598763
16.11.2025 20:19:12,user08,洧내洧냗洧냜-洧뉧롏쇓롏쉻롏洧-洧릟,Guten Tag,original,7230925987312016534
16.11.2025 20:23:42,user11,洧내洧냗洧냜-洧뉧롏쇓롏쉻롏洧-洧릟,Was denkst du dar칲ber?,bearbeitet,6335024590144982541
16.11.2025 20:53:32,user32,洧내洧냗洧냜-洧뉧롏쇓롏쉻롏洧,Wie geht es dir? 仇벒잺,original,2270595903950846356
16.11.2025 21:22:49,user23,洧내洧냗洧냜-洧뉧롏쇓롏쉻롏洧-洧릟,Alles bestens,original,5100056897902737520
16.11.2025 21:46:10,user43,洧내洧냗洧냜-洧뉧롏쇓롏쉻롏洧,Was denkst du dar칲ber?,original,8293177172143565047
16.11.2025 21:54:33,user39,洧내洧냗洧냜-洧뉧롏쇓롏쉻롏洧-洧릠,Ich stimme zu,original,3068662058737766261
16.11.2025 22:10:03,user27,洧내洧냗洧냜-洧뉧롏쇓롏쉻롏洧-洧릠,Was denkst du dar칲ber? 游눮,original,3899373852824248838
16.11.2025 22:22:13,user24,洧내洧냗洧냜-洧뉧롏쇓롏쉻롏洧,Hi,original,4038378167282784425
16.11.2025 22:26:30,user16,洧내洧냗洧냜-洧뉧롏쇓롏쉻롏洧-洧릠,Was denkst du dar칲ber?,original,2830464400965776048
16.11.2025 22:52:27,user42,洧내洧냗洧냜-洧뉧롏쇓롏쉻롏洧-洧릠,Schau dir das an: https://tenor.com/view/example-gif,original,3348916359923710214
16.11.2025 23:04:06,user43,洧내洧냗洧냜-洧뉧롏쇓롏쉻롏洧,Wie geht es dir?,original,2564712019516527673
16.11.2025 23:11:05,user05,洧내洧냗洧냜-洧뉧롏쇓롏쉻롏洧-洧릟,Was machst du?,original,5219047008937260575
16.11.2025 23:32:50,user07,洧내洧냗洧냜-洧뉧롏쇓롏쉻롏洧,Guten Tag 游뱂,original,1312766360359100466
16.11.2025 23:53:36,user26,洧내洧냗洧냜-洧뉧롏쇓롏쉻롏洧-洧릟,Wie geht es dir?,original,4162625209983855753
17.11.2025 00:03:30,user20,洧내洧냗洧냜-洧뉧롏쇓롏쉻롏洧,Ich stimme zu 游땍,original,4250169027357231792
17.11.2025 00:12:49,user42,洧내洧냗洧냜-洧뉧롏쇓롏쉻롏洧,Was denkst du dar칲ber?,original,3904181266203569154
17.11.2025 00:37:07,user12,洧내洧냗洧냜-洧뉧롏쇓롏쉻롏洧,Ich stimme zu,original,3443126960998688719
17.11.2025 00:46:37,user02,洧내洧냗洧냜-洧뉧롏쇓롏쉻롏洧,Wie geht es dir?,original,9170775296839725669
17.11.2025 01:14:46,user45,洧내洧냗洧냜-洧뉧롏쇓롏쉻롏洧,Hast du trainiert?,original,3885855897959104483
17.11.2025 01:36:11,user18,洧내洧냗洧냜-洧뉧롏쇓롏쉻롏洧-洧릟,Was denkst du dar칲ber? 仇벒잺,bearbeitet,1001333969952413665
17.11.2025 01:55:53,user05,洧내洧냗洧냜-洧뉧롏쇓롏쉻롏洧-洧릟,Alles bestens,bearbeitet,9656272189535192415
17.11.2025 02:01:49,user40,洧내洧냗洧냜-洧뉧롏쇓롏쉻롏洧-洧릟,Hallo,original,4361593805835183439
17.11.2025 02:25:03,user40,洧내洧냗洧냜-洧뉧롏쇓롏쉻롏洧-洧릠,Hey,bearbeitet,3304563524010985368
17.11.2025 02:51:09,user08,洧내洧냗洧냜-洧뉧롏쇓롏쉻롏洧-洧릠,Was denkst du dar칲ber?,original,7267959758780049178
17.11.2025 03:12:27,user30,洧내洧냗洧냜-洧뉧롏쇓롏쉻롏洧-洧릠,Guten Tag,original,6862807743913408966
17.11.2025 03:31:39,user19,洧내洧냗洧냜-洧뉧롏쇓롏쉻롏洧-洧릟,Wie geht es dir?,original,5065195100915222515
17.11.2025 03:50:11,user36,洧내洧냗洧냜-洧뉧롏쇓롏쉻롏洧,Interessant!,original,4274934512725087267
17.11.2025 04:05:53,user02,洧내洧냗洧냜-洧뉧롏쇓롏쉻롏洧-洧릟,Hallo 仇벒잺,original,4698448349070687653
17.11.2025 04:24:56,user17,洧내洧냗洧냜-洧뉧롏쇓롏쉻롏洧-洧릟,Ich stimme zu,original,7512643039160616094
17.11.2025 04:49:32,user21,洧내洧냗洧냜-洧뉧롏쇓롏쉻롏洧-洧릠,Alles bestens 游,original,9890861889612533188
17.11.2025 04:57:49,user07,洧내洧냗洧냜-洧뉧롏쇓롏쉻롏洧,Hi,original,2388137356500050140
17.11.2025 05:26:36,user47,洧내洧냗洧냜-洧뉧롏쇓롏쉻롏洧,Hey 游땍,original,4746596044653718737
17.11.2025 05:34:47,user05,洧내洧냗洧냜-洧뉧롏쇓롏쉻롏洧-洧릟,Was machst du?,gel칬scht,4358840516826379902
17.11.2025 05:51:25,user16,洧내洧냗洧냜-洧뉧롏쇓롏쉻롏洧-洧릟,Hey 游눮,original,7311536909451078526
17.11.2025 06:03:26,user25,洧내洧냗洧냜-洧뉧롏쇓롏쉻롏洧-洧릟,Keine Ahnung 游뱂 仇벒잺,original,3425147243972934823
17.11.2025 06:16:53,user25,洧내洧냗洧냜-洧뉧롏쇓롏쉻롏洧,Hast du trainiert?,original,6013356548619388797
17.11.2025 06:20:03,user18,洧내洧냗洧냜-洧뉧롏쇓롏쉻롏洧,Was denkst du dar칲ber?,original,6675608114099344869
17.11.2025 06:45:29,user29,洧내洧냗洧냜-洧뉧롏쇓롏쉻롏洧,Mir geht es gut,original,6014363686556958224
17.11.2025 06:55:46,user21,洧내洧냗洧냜-洧뉧롏쇓롏쉻롏洧-洧릠,Interessant! 游녨,bearbeitet,1244899189275401104
17.11.2025 07:09:36,user41,洧내洧냗洧냜-洧뉧롏쇓롏쉻롏洧-洧릟,Guten Tag,bearbeitet,5273621856446215743
17.11.2025 07:19:22,user20,洧내洧냗洧냜-洧뉧롏쇓롏쉻롏洧-洧릟,Keine Ahnung 游뱂,original,9202683448603607756
17.11.2025 07:30:38,user35,洧내洧냗洧냜-洧뉧롏쇓롏쉻롏洧-洧릠,Was denkst du dar칲ber?,original,2461751497151519405
17.11.2025 07:53:06,user36,洧내洧냗洧냜-洧뉧롏쇓롏쉻롏洧-洧릟,Schau dir das an: https://tenor.com/view/example-gif,original,5836590097804948112
17.11.2025 07:56:45,user46,洧내洧냗洧냜-洧뉧롏쇓롏쉻롏洧-洧릟,Was denkst du dar칲ber? 游뱂,original,5836820493421543776
17.11.2025 08:23:45,user19,洧내洧냗洧냜-洧뉧롏쇓롏쉻롏洧,Hey,original,2233273298734200824
17.11.2025 08:30:40,user28,洧내洧냗洧냜-洧뉧롏쇓롏쉻롏洧-洧릠,Wie geht es dir? 游,original,5557690139839498574
17.11.2025 08:52:01,user06,洧내洧냗洧냜-洧뉧롏쇓롏쉻롏洧-洧릠,Hey,original,7377722283722096801
17.11.2025 09:16:41,user42,洧내洧냗洧냜-洧뉧롏쇓롏쉻롏洧-洧릟,Hi 游땍,bearbeitet,9482422383572665990
17.11.2025 09:45:22,user29,洧내洧냗洧냜-洧뉧롏쇓롏쉻롏洧,Was denkst du dar칲ber? 游땙,gel칬scht,8823362495290667308
17.11.2025 10:07:05,user13,洧내洧냗洧냜-洧뉧롏쇓롏쉻롏洧-洧릠,Hey 游,bearbeitet,4747569990007478936
17.11.2025 10:20:41,user47,洧내洧냗洧냜-洧뉧롏쇓롏쉻롏洧-洧릠,Guten Tag,original,4142684239822873173
17.11.2025 10:47:47,user35,洧내洧냗洧냜-洧뉧롏쇓롏쉻롏洧-洧릠,Wie geht es dir?,gel칬scht,4207017861902800046
17.11.2025 11:17:30,user38,洧내洧냗洧냜-洧뉧롏쇓롏쉻롏洧-洧릠,Mir geht es gut 游눮,bearbeitet,9862682619714951953
17.11.2025 11:33:07,user22,洧내洧냗洧냜-洧뉧롏쇓롏쉻롏洧-洧릟,Alles bestens 游눮,bearbeitet,4462470488619585746
17.11.2025 11:44:43,user01,洧내洧냗洧냜-洧뉧롏쇓롏쉻롏洧,Was denkst du dar칲ber?,bearbeitet,1120924497020937318
17.11.2025 11:53:44,user41,洧내洧냗洧냜-洧뉧롏쇓롏쉻롏洧-洧릟,Hi 游눮,original,7427217614693758109
17.11.2025 12:06:56,user47,洧내洧냗洧냜-洧뉧롏쇓롏쉻롏洧,Mir geht es gut,original,2510170285951767327
17.11.2025 12:30:18,user10,洧내洧냗洧냜-洧뉧롏쇓롏쉻롏洧,Interessant!,original,8862919580198714130
17.11.2025 12:32:24,user17,洧내洧냗洧냜-洧뉧롏쇓롏쉻롏洧-洧릟,Hey 游,original,5577363669500189345
17.11.2025 12:44:31,user26,洧내洧냗洧냜-洧뉧롏쇓롏쉻롏洧-洧릟,Was machst du? 游녨,original,8618699580581601277
17.11.2025 13:10:50,user18,洧내洧냗洧냜-洧뉧롏쇓롏쉻롏洧-洧릟,Was denkst du dar칲ber?,bearbeitet,6750999057943790329
17.11.2025 13:13:54,user45,洧내洧냗洧냜-洧뉧롏쇓롏쉻롏洧-洧릟,Was machst du? 游댠,original,2322980318582153264
17.11.2025 13:42:28,user16,洧내洧냗洧냜-洧뉧롏쇓롏쉻롏洧-洧릟,Keine Ahnung 游뱂,original,9285417552326846004
17.11.2025 13:46:17,user14,洧내洧냗洧냜-洧뉧롏쇓롏쉻롏洧-洧릟,Ich stimme zu,original,2059555874779218541
17.11.2025 13:53:42,user12,洧내洧냗洧냜-洧뉧롏쇓롏쉻롏洧-洧릠,Hey 游땙,original,7511280139917392889
17.11.2025 13:58:38,user40,洧내洧냗洧냜-洧뉧롏쇓롏쉻롏洧-洧릟,Wie geht es dir? 仇벒잺,gel칬scht,6904837883186518436
17.11.2025 14:09:12,user14,洧내洧냗洧냜-洧뉧롏쇓롏쉻롏洧,Schau dir das an: https://tenor.com/view/example-gif 游눮,original,1923041861387278391
17.11.2025 14:30:00,user44,洧내洧냗洧냜-洧뉧롏쇓롏쉻롏洧,Hast du trainiert? 游땙,bearbeitet,3460063361854430383
17.11.2025 14:45:01,user32,洧내洧냗洧냜-洧뉧롏쇓롏쉻롏洧,Hey,bearbeitet,9869092662506665323
17.11.2025 14:51:29,user42,洧내洧냗洧냜-洧뉧롏쇓롏쉻롏洧-洧릠,Was denkst du dar칲ber?,original,4125165918223104109
17.11.2025 15:00:43,user29,洧내洧냗洧냜-洧뉧롏쇓롏쉻롏洧,Hi,original,3225829157816698269
17.11.2025 15:16:53,user45,洧내洧냗洧냜-洧뉧롏쇓롏쉻롏洧,Was denkst du dar칲ber?,original,1206184659752739332
17.11.2025 15:37:45,user23,洧내洧냗洧냜-洧뉧롏쇓롏쉻롏洧,Schau dir das an: https://tenor.com/view/example-gif,original,4183515302448618972
17.11.2025 15:43:37,user47,洧내洧냗洧냜-洧뉧롏쇓롏쉻롏洧-洧릠,Was machst du?,original,7822579396289233633
17.11.2025 15:53:42,user42,洧내洧냗洧냜-洧뉧롏쇓롏쉻롏洧,Was denkst du dar칲ber? 仇벒잺,original,8579170656100197906
17.11.2025 15:55:47,user27,洧내洧냗洧냜-洧뉧롏쇓롏쉻롏洧,Hast du trainiert?,gel칬scht,3053362838483855557
17.11.2025 16:24:37,user19,洧내洧냗洧냜-洧뉧롏쇓롏쉻롏洧-洧릟,Schau dir das an: https://tenor.com/view/example-gif,gel칬scht,3772358045128535537
17.11.2025 16:37:04,user09,洧내洧냗洧냜-洧뉧롏쇓롏쉻롏洧,Keine Ahnung 游뱂 游댠,original,8656875823028441367
17.11.2025 16:43:57,user30,洧내洧냗洧냜-洧뉧롏쇓롏쉻롏洧-洧릟,Ich stimme zu,original,2454356498535691876
17.11.2025 17:11:11,user44,洧내洧냗洧냜-洧뉧롏쇓롏쉻롏洧-洧릟,Hallo,bearbeitet,6368902643540059010
17.11.2025 17:30:08,user27,洧내洧냗洧냜-洧뉧롏쇓롏쉻롏洧,Was denkst du dar칲ber? 游눮,original,9446995213161896371
17.11.2025 17:49:17,user36,洧내洧냗洧냜-洧뉧롏쇓롏쉻롏洧-洧릟,Schau dir das an: https://tenor.com/view/example-gif,bearbeitet,7232480778802411919
17.11.2025 18:14:29,user17,洧내洧냗洧냜-洧뉧롏쇓롏쉻롏洧,Hi,bearbeitet,7392108745668960864
17.11.2025 18:30:44,user47,洧내洧냗洧냜-洧뉧롏쇓롏쉻롏洧-洧릟,Was denkst du dar칲ber?,original,5517140360581579954
17.11.2025 18:33:45,user37,洧내洧냗洧냜-洧뉧롏쇓롏쉻롏洧-洧릠,Mir geht es gut,original,6520521997125106488
17.11.2025 18:39:14,user37,洧내洧냗洧냜-洧뉧롏쇓롏쉻롏洧,Interessant! 仇벒잺,original,7095862633817926003
17.11.2025 18:42:06,user26,洧내洧냗洧냜-洧뉧롏쇓롏쉻롏洧-洧릟,Interessant!,bearbeitet,9201318050897926319
17.11.2025 19:10:34,user14,洧내洧냗洧냜-洧뉧롏쇓롏쉻롏洧-洧릠,Schau dir das an: https://tenor.com/view/example-gif,bearbeitet,8920727799785951418
17.11.2025 19:27:53,user39,洧내洧냗洧냜-洧뉧롏쇓롏쉻롏洧-洧릠,Hast du trainiert? 游눮,original,9885597656895060756
17.11.2025 19:47:34,user03,洧내洧냗洧냜-洧뉧롏쇓롏쉻롏洧-洧릟,Das ist lustig 游땍 游뱂,original,9068162206860110745
17.11.2025 19:55:00,user29,洧내洧냗洧냜-洧뉧롏쇓롏쉻롏洧-洧릠,Guten Tag,original,2428745953940937858
17.11.2025 20:11:47,user06,洧내洧냗洧냜-洧뉧롏쇓롏쉻롏洧-洧릠,Hast du trainiert?,original,1195900707288481591
17.11.2025 20:23:55,user45,洧내洧냗洧냜-洧뉧롏쇓롏쉻롏洧-洧릠,Keine Ahnung 游뱂,original,4926654241795230607
17.11.2025 20:32:49,user44,洧내洧냗洧냜-洧뉧롏쇓롏쉻롏洧-洧릟,Was denkst du dar칲ber?,original,5571248504989652608
17.11.2025 20:48:51,user26,洧내洧냗洧냜-洧뉧롏쇓롏쉻롏洧-洧릟,Was machst du? 仇벒잺,bearbeitet,7203220758750990839
17.11.2025 21:12:37,user03,洧내洧냗洧냜-洧뉧롏쇓롏쉻롏洧-洧릠,Keine Ahnung 游뱂,gel칬scht,5619652349596777931
17.11.2025 21:21:04,user49,洧내洧냗洧냜-洧뉧롏쇓롏쉻롏洧-洧릠,Wie geht es dir?,original,4050056141460499552
17.11.2025 21:34:45,user03,洧내洧냗洧냜-洧뉧롏쇓롏쉻롏洧,Was denkst du dar칲ber?,gel칬scht,2589122038486066951
17.11.2025 21:50:58,user11,洧내洧냗洧냜-洧뉧롏쇓롏쉻롏洧,Mir geht es gut,original,8585479702014001757
17.11.2025 21:58:02,user21,洧내洧냗洧냜-洧뉧롏쇓롏쉻롏洧,Mir geht es gut 游땙,original,8839425705217666621
17.11.2025 22:18:05,user27,洧내洧냗洧냜-洧뉧롏쇓롏쉻롏洧-洧릠,Was machst du?,original,5719137139507153981
17.11.2025 22:40:13,user41,洧내洧냗洧냜-洧뉧롏쇓롏쉻롏洧-洧릠,Wie geht es dir? 仇벒잺,bearbeitet,8336693200504783416
17.11.2025 22:55:38,user18,洧내洧냗洧냜-洧뉧롏쇓롏쉻롏洧-洧릟,Hast du trainiert?,original,4714511152447614816
17.11.2025 23:09:51,user01,洧내洧냗洧냜-洧뉧롏쇓롏쉻롏洧-洧릟,Mir geht es gut,original,7578747253227520112
17.11.2025 23:36:38,user40,洧내洧냗洧냜-洧뉧롏쇓롏쉻롏洧,Alles bestens,bearbeitet,7130313858206247236
17.11.2025 23:47:29,user46,洧내洧냗洧냜-洧뉧롏쇓롏쉻롏洧,Das ist lustig 游땍 仇벒잺,original,4138039583109094192
18.11.2025 00:14:45,user19,洧내洧냗洧냜-洧뉧롏쇓롏쉻롏洧-洧릟,Ich mag Z칲ge,original,9581878144028135255
18.11.2025 00:31:35,user34,洧내洧냗洧냜-洧뉧롏쇓롏쉻롏洧-洧릟,Wie geht es dir? 游눮,original,8954330311867760723
18.11.2025 00:50:17,user20,洧내洧냗洧냜-洧뉧롏쇓롏쉻롏洧,Was denkst du dar칲ber?,bearbeitet,5693938321007242064
18.11.2025 00:52:58,user33,洧내洧냗洧냜-洧뉧롏쇓롏쉻롏洧,Wie geht es dir?,original,7611834428929808948
18.11.2025 00:54:13,user27,洧내洧냗洧냜-洧뉧롏쇓롏쉻롏洧,Das ist lustig 游땍,original,4550826202157931225
18.11.2025 00:56:14,user37,洧내洧냗洧냜-洧뉧롏쇓롏쉻롏洧-洧릠,Wie geht es dir?,bearbeitet,8563318413221598745
18.11.2025 01:16:53,user13,洧내洧냗洧냜-洧뉧롏쇓롏쉻롏洧-洧릠,Schau dir das an: https://tenor.com/view/example-gif 游녨,original,8449453617910928610
18.11.2025 01:36:27,user18,洧내洧냗洧냜-洧뉧롏쇓롏쉻롏洧,Keine Ahnung 游뱂,bearbeitet,1153758622365654749
18.11.2025 01:48:23,user34,洧내洧냗洧냜-洧뉧롏쇓롏쉻롏洧-洧릟,Hast du trainiert?,original,1927282415200348901
18.11.2025 01:52:13,user22,洧내洧냗洧냜-洧뉧롏쇓롏쉻롏洧-洧릟,Was machst du?,original,4390503631368108834
18.11.2025 01:55:32,user40,洧내洧냗洧냜-洧뉧롏쇓롏쉻롏洧-洧릟,Ich mag Z칲ge,original,3242682023460789155
18.11.2025 02:21:19,user21,洧내洧냗洧냜-洧뉧롏쇓롏쉻롏洧-洧릟,Was machst du?,original,7262937793919294997
18.11.2025 02:26:34,user08,洧내洧냗洧냜-洧뉧롏쇓롏쉻롏洧,Was denkst du dar칲ber?,gel칬scht,2202514339437242148
18.11.2025 02:53:14,user10,洧내洧냗洧냜-洧뉧롏쇓롏쉻롏洧-洧릠,Ich mag Z칲ge,original,7532342920244222824
18.11.2025 03:13:33,user37,洧내洧냗洧냜-洧뉧롏쇓롏쉻롏洧,Hallo 游땍,original,8120626467776577205
18.11.2025 03:27:51,user11,洧내洧냗洧냜-洧뉧롏쇓롏쉻롏洧-洧릠,Hast du trainiert?,original,3380737507436362283
18.11.2025 03:32:25,user45,洧내洧냗洧냜-洧뉧롏쇓롏쉻롏洧-洧릠,Was machst du? 游,original,3420418648173475880
18.11.2025 03:44:52,user36,洧내洧냗洧냜-洧뉧롏쇓롏쉻롏洧-洧릟,Alles bestens,bearbeitet,1870691662109243425
18.11.2025 03:56:23,user13,洧내洧냗洧냜-洧뉧롏쇓롏쉻롏洧-洧릠,Ich mag Z칲ge,original,9526632585349260693
18.11.2025 04:04:31,user28,洧내洧냗洧냜-洧뉧롏쇓롏쉻롏洧,Hallo,bearbeitet,3658977950443773709
18.11.2025 04:16:00,user18,洧내洧냗洧냜-洧뉧롏쇓롏쉻롏洧-洧릠,Hast du trainiert?,original,4192932656682404319
18.11.2025 04:39:13,user44,洧내洧냗洧냜-洧뉧롏쇓롏쉻롏洧-洧릟,Hast du trainiert? 游땍,original,8803830761871510984
18.11.2025 05:08:10,user32,洧내洧냗洧냜-洧뉧롏쇓롏쉻롏洧-洧릟,Mir geht es gut,gel칬scht,4953677173545408664
18.11.2025 05:32:53,user01,洧내洧냗洧냜-洧뉧롏쇓롏쉻롏洧-洧릟,Was machst du?,bearbeitet,1732647239698425485
18.11.2025 05:50:56,user48,洧내洧냗洧냜-洧뉧롏쇓롏쉻롏洧,Schau dir das an: https://tenor.com/view/example-gif,original,6976573169514879791
18.11.2025 06:19:05,user50,洧내洧냗洧냜-洧뉧롏쇓롏쉻롏洧-洧릠,Ich mag Z칲ge,original,5634440201965506996
18.11.2025 06:40:26,user08,洧내洧냗洧냜-洧뉧롏쇓롏쉻롏洧,Ich stimme zu,original,8492079263895161375
18.11.2025 06:54:01,user30,洧내洧냗洧냜-洧뉧롏쇓롏쉻롏洧-洧릟,Hast du trainiert?,original,6572172238216102169
18.11.2025 06:56:37,user44,洧내洧냗洧냜-洧뉧롏쇓롏쉻롏洧,Was machst du?,original,3063533002545852614
18.11.2025 07:00:32,user30,洧내洧냗洧냜-洧뉧롏쇓롏쉻롏洧,Hast du trainiert? 游땙,gel칬scht,2489897476512059011
18.11.2025 07:10:50,user13,洧내洧냗洧냜-洧뉧롏쇓롏쉻롏洧-洧릟,Mir geht es gut,original,6022593607085434302
18.11.2025 07:31:20,user19,洧내洧냗洧냜-洧뉧롏쇓롏쉻롏洧-洧릠,Was machst du? 游댠,original,1565870727360053848
18.11.2025 07:34:03,user02,洧내洧냗洧냜-洧뉧롏쇓롏쉻롏洧,Schau dir das an: https://tenor.com/view/example-gif,original,4751478054324017133
18.11.2025 07:58:19,user10,洧내洧냗洧냜-洧뉧롏쇓롏쉻롏洧,Guten Tag 游댠,original,7961428702678441319
18.11.2025 08:24:48,user05,洧내洧냗洧냜-洧뉧롏쇓롏쉻롏洧,Das ist lustig 游땍 游,bearbeitet,4544327816188923324
18.11.2025 08:46:25,user06,洧내洧냗洧냜-洧뉧롏쇓롏쉻롏洧-洧릠,Was denkst du dar칲ber?,original,7041311509965494374
18.11.2025 09:04:53,user01,洧내洧냗洧냜-洧뉧롏쇓롏쉻롏洧,Was machst du?,original,6782062855181764984
18.11.2025 09:34:46,user01,洧내洧냗洧냜-洧뉧롏쇓롏쉻롏洧-洧릟,Mir geht es gut,gel칬scht,8390918050595289158
18.11.2025 09:43:32,user28,洧내洧냗洧냜-洧뉧롏쇓롏쉻롏洧-洧릟,Interessant! 游녨,bearbeitet,1555875045957196366
18.11.2025 09:58:56,user03,洧내洧냗洧냜-洧뉧롏쇓롏쉻롏洧,Was denkst du dar칲ber? 仇벒잺,original,9164583280253645411
18.11.2025 10:02:04,user26,洧내洧냗洧냜-洧뉧롏쇓롏쉻롏洧,Das ist lustig 游땍 游,bearbeitet,2159866744642361228
18.11.2025 10:12:32,user35,洧내洧냗洧냜-洧뉧롏쇓롏쉻롏洧,Was denkst du dar칲ber?,original,6966825000683320577
18.11.2025 10:28:36,user46,洧내洧냗洧냜-洧뉧롏쇓롏쉻롏洧-洧릠,Hey,bearbeitet,5371927987584095894
18.11.2025 10:36:53,user35,洧내洧냗洧냜-洧뉧롏쇓롏쉻롏洧-洧릟,Hast du trainiert?,original,4851942583632057102
18.11.2025 10:48:29,user15,洧내洧냗洧냜-洧뉧롏쇓롏쉻롏洧-洧릠,Guten Tag,original,1398234712372486350
18.11.2025 11:18:13,user18,洧내洧냗洧냜-洧뉧롏쇓롏쉻롏洧-洧릟,Was denkst du dar칲ber? 游,original,4551018969557891739
18.11.2025 11:45:54,user13,洧내洧냗洧냜-洧뉧롏쇓롏쉻롏洧-洧릟,Wie geht es dir?,original,5369785767231373827
18.11.2025 11:56:25,user43,洧내洧냗洧냜-洧뉧롏쇓롏쉻롏洧-洧릠,Hast du trainiert?,bearbeitet,9703051990312896565
18.11.2025 11:57:03,user31,洧내洧냗洧냜-洧뉧롏쇓롏쉻롏洧-洧릠,Hast du trainiert?,original,6651782328668242096
18.11.2025 12:25:50,user41,洧내洧냗洧냜-洧뉧롏쇓롏쉻롏洧,Was denkst du dar칲ber? 游땙,original,3010551101832148381
18.11.2025 12:42:15,user20,洧내洧냗洧냜-洧뉧롏쇓롏쉻롏洧-洧릠,Hey,bearbeitet,7221217812852025883
18.11.2025 12:47:45,user08,洧내洧냗洧냜-洧뉧롏쇓롏쉻롏洧-洧릠,Was machst du?,gel칬scht,2524908943128416405
18.11.2025 13:01:07,user11,洧내洧냗洧냜-洧뉧롏쇓롏쉻롏洧,Hi 游,original,5444227891084554667
18.11.2025 13:19:06,user09,洧내洧냗洧냜-洧뉧롏쇓롏쉻롏洧-洧릠,Das ist lustig 游땍,original,5039863056831233503
18.11.2025 13:27:16,user37,洧내洧냗洧냜-洧뉧롏쇓롏쉻롏洧-洧릠,Ich mag Z칲ge,original,4802367254900590784
18.11.2025 13:48:06,user26,洧내洧냗洧냜-洧뉧롏쇓롏쉻롏洧-洧릠,Was machst du?,original,5047572689255622508
18.11.2025 14:08:07,user09,洧내洧냗洧냜-洧뉧롏쇓롏쉻롏洧,Alles bestens,bearbeitet,7375171380590560047
18.11.2025 14:19:42,user06,洧내洧냗洧냜-洧뉧롏쇓롏쉻롏洧-洧릠,Schau dir das an: https://tenor.com/view/example-gif,original,8850582299028032846
18.11.2025 14:40:13,user36,洧내洧냗洧냜-洧뉧롏쇓롏쉻롏洧-洧릟,Wie geht es dir?,original,8234208692214008052
18.11.2025 14:59:54,user23,洧내洧냗洧냜-洧뉧롏쇓롏쉻롏洧-洧릠,Guten Tag,original,3019706833340629088
18.11.2025 15:01:07,user41,洧내洧냗洧냜-洧뉧롏쇓롏쉻롏洧-洧릠,Was denkst du dar칲ber?,original,3458552236865113837
18.11.2025 15:08:58,user30,洧내洧냗洧냜-洧뉧롏쇓롏쉻롏洧,Was machst du?,bearbeitet,3720620818894644306
18.11.2025 15:37:48,user24,洧내洧냗洧냜-洧뉧롏쇓롏쉻롏洧-洧릟,Hast du trainiert?,original,3592615234370562679
18.11.2025 16:01:07,user06,洧내洧냗洧냜-洧뉧롏쇓롏쉻롏洧-洧릟,Was machst du?,gel칬scht,7258165510608290041
18.11.2025 16:11:55,user27,洧내洧냗洧냜-洧뉧롏쇓롏쉻롏洧-洧릟,Hast du trainiert?,original,9816492468072918633
18.11.2025 16:40:56,user46,洧내洧냗洧냜-洧뉧롏쇓롏쉻롏洧-洧릟,Hi,original,8695366119757410137
18.11.2025 17:00:23,user32,洧내洧냗洧냜-洧뉧롏쇓롏쉻롏洧-洧릟,Alles bestens,original,3360253813499198603
18.11.2025 17:22:24,user21,洧내洧냗洧냜-洧뉧롏쇓롏쉻롏洧-洧릠,Was machst du?,original,3362432948190814958
18.11.2025 17:44:37,user38,洧내洧냗洧냜-洧뉧롏쇓롏쉻롏洧,Hast du trainiert?,original,9385618523290414530
18.11.2025 17:55:34,user31,洧내洧냗洧냜-洧뉧롏쇓롏쉻롏洧-洧릠,Was denkst du dar칲ber?,original,2569836783825452681
18.11.2025 17:57:48,user07,洧내洧냗洧냜-洧뉧롏쇓롏쉻롏洧-洧릠,Ich mag Z칲ge,original,7726015247292066800
18.11.2025 18:24:51,user10,洧내洧냗洧냜-洧뉧롏쇓롏쉻롏洧,Keine Ahnung 游뱂 游땙,bearbeitet,1449870803834472290
18.11.2025 18:46:44,user46,洧내洧냗洧냜-洧뉧롏쇓롏쉻롏洧,Ich mag Z칲ge 游눮,original,6564429842129113391
18.11.2025 19:13:49,user30,洧내洧냗洧냜-洧뉧롏쇓롏쉻롏洧-洧릟,Alles bestens,original,6263880992697407028
18.11.2025 19:18:35,user35,洧내洧냗洧냜-洧뉧롏쇓롏쉻롏洧,Wie geht es dir?,bearbeitet,5261540155014142605
18.11.2025 19:45:47,user46,洧내洧냗洧냜-洧뉧롏쇓롏쉻롏洧-洧릠,Ich mag Z칲ge 游댠,original,1144305058155991182
18.11.2025 20:10:43,user06,洧내洧냗洧냜-洧뉧롏쇓롏쉻롏洧-洧릟,Was machst du? 游뱂,bearbeitet,1790709598771453851
18.11.2025 20:35:01,user08,洧내洧냗洧냜-洧뉧롏쇓롏쉻롏洧-洧릠,Was machst du?,original,4160991633588211906
18.11.2025 20:55:55,user09,洧내洧냗洧냜-洧뉧롏쇓롏쉻롏洧-洧릟,Schau dir das an: https://tenor.com/view/example-gif,original,6287062430425588597
18.11.2025 20:57:39,user35,洧내洧냗洧냜-洧뉧롏쇓롏쉻롏洧,Was denkst du dar칲ber?,original,1698024783239556910
18.11.2025 21:26:19,user20,洧내洧냗洧냜-洧뉧롏쇓롏쉻롏洧-洧릟,Hey,bearbeitet,5444101955903949698
18.11.2025 21:56:12,user41,洧내洧냗洧냜-洧뉧롏쇓롏쉻롏洧,Hey,original,1057550653953566196
18.11.2025 21:57:08,user27,洧내洧냗洧냜-洧뉧롏쇓롏쉻롏洧,Wie geht es dir?,gel칬scht,9817596471505520927
18.11.2025 22:00:46,user44,洧내洧냗洧냜-洧뉧롏쇓롏쉻롏洧-洧릠,Ich mag Z칲ge,bearbeitet,2855773972339052124
18.11.2025 22:12:41,user40,洧내洧냗洧냜-洧뉧롏쇓롏쉻롏洧-洧릠,Wie geht es dir? 游눮,gel칬scht,1787152439324328657
18.11.2025 22:24:05,user40,洧내洧냗洧냜-洧뉧롏쇓롏쉻롏洧-洧릠,Schau dir das an: https://tenor.com/view/example-gif,original,5237699891701201674
18.11.2025 22:40:55,user07,洧내洧냗洧냜-洧뉧롏쇓롏쉻롏洧,Ich stimme zu,gel칬scht,2911301355179191441
18.11.2025 23:01:57,user02,洧내洧냗洧냜-洧뉧롏쇓롏쉻롏洧-洧릠,Wie geht es dir?,gel칬scht,4096175417621291134
18.11.2025 23:16:21,user50,洧내洧냗洧냜-洧뉧롏쇓롏쉻롏洧-洧릠,Schau dir das an: https://tenor.com/view/example-gif,bearbeitet,5334287980172462377
18.11.2025 23:29:02,user01,洧내洧냗洧냜-洧뉧롏쇓롏쉻롏洧-洧릠,Keine Ahnung 游뱂,original,4047856770989723686
18.11.2025 23:30:31,user41,洧내洧냗洧냜-洧뉧롏쇓롏쉻롏洧-洧릠,Guten Tag,original,9509235871487965732
18.11.2025 23:31:04,user19,洧내洧냗洧냜-洧뉧롏쇓롏쉻롏洧-洧릟,Ich mag Z칲ge,original,1501831607187140014
18.11.2025 23:56:49,user20,洧내洧냗洧냜-洧뉧롏쇓롏쉻롏洧-洧릠,Hallo,original,1868419873788955143
19.11.2025 00:17:35,user39,洧내洧냗洧냜-洧뉧롏쇓롏쉻롏洧,Wie geht es dir?,bearbeitet,5328714692904485299
19.11.2025 00:26:31,user19,洧내洧냗洧냜-洧뉧롏쇓롏쉻롏洧,Hast du trainiert?,original,8009639382008198896
19.11.2025 00:53:38,user10,洧내洧냗洧냜-洧뉧롏쇓롏쉻롏洧-洧릟,Hi 游녨,original,3040291218965578597
19.11.2025 01:22:19,user11,洧내洧냗洧냜-洧뉧롏쇓롏쉻롏洧-洧릠,Schau dir das an: https://tenor.com/view/example-gif,original,4209591595492121108
19.11.2025 01:33:43,user32,洧내洧냗洧냜-洧뉧롏쇓롏쉻롏洧-洧릟,Hey,original,1999189607674852942
19.11.2025 01:53:43,user26,洧내洧냗洧냜-洧뉧롏쇓롏쉻롏洧-洧릟,Schau dir das an: https://tenor.com/view/example-gif,original,8451513390002317610
19.11.2025 02:05:54,user16,洧내洧냗洧냜-洧뉧롏쇓롏쉻롏洧-洧릟,Schau dir das an: https://tenor.com/view/example-gif,original,3694321924670412571
19.11.2025 02:21:19,user35,洧내洧냗洧냜-洧뉧롏쇓롏쉻롏洧,Was machst du?,original,2979123418918707821
19.11.2025 02:46:06,user11,洧내洧냗洧냜-洧뉧롏쇓롏쉻롏洧-洧릠,Alles bestens,original,9529440838524278511
19.11.2025 03:11:57,user27,洧내洧냗洧냜-洧뉧롏쇓롏쉻롏洧-洧릠,Hast du trainiert?,gel칬scht,8984040341433546722
19.11.2025 03:30:21,user47,洧내洧냗洧냜-洧뉧롏쇓롏쉻롏洧-洧릠,Mir geht es gut 仇벒잺,original,9861743640908139024
19.11.2025 03:50:00,user02,洧내洧냗洧냜-洧뉧롏쇓롏쉻롏洧-洧릟,Hey 游땍,original,1339279366219890950
19.11.2025 03:59:56,user08,洧내洧냗洧냜-洧뉧롏쇓롏쉻롏洧-洧릟,Hallo,original,2198986327338684289
19.11.2025 04:09:44,user21,洧내洧냗洧냜-洧뉧롏쇓롏쉻롏洧-洧릠,Was denkst du dar칲ber? 仇벒잺,original,7115905246843460324
19.11.2025 04:16:58,user42,洧내洧냗洧냜-洧뉧롏쇓롏쉻롏洧,Hast du trainiert?,original,7201655343607284373
19.11.2025 04:39:02,user32,洧내洧냗洧냜-洧뉧롏쇓롏쉻롏洧,Keine Ahnung 游뱂 仇벒잺,original,4043759208229849039
19.11.2025 05:07:38,user01,洧내洧냗洧냜-洧뉧롏쇓롏쉻롏洧,Was denkst du dar칲ber? 游,original,4176278229713831994
19.11.2025 05:37:12,user47,洧내洧냗洧냜-洧뉧롏쇓롏쉻롏洧-洧릟,Ich stimme zu 游땙,original,3200097312317395144
19.11.2025 05:39:14,user06,洧내洧냗洧냜-洧뉧롏쇓롏쉻롏洧,Hey 游,original,6319930144490021634
19.11.2025 06:01:53,user09,洧내洧냗洧냜-洧뉧롏쇓롏쉻롏洧-洧릟,Hast du trainiert? 仇벒잺,original,5232742795358269121
19.11.2025 06:25:04,user23,洧내洧냗洧냜-洧뉧롏쇓롏쉻롏洧-洧릠,Interessant! 游땍,original,7797382842357008883
19.11.2025 06:38:49,user03,洧내洧냗洧냜-洧뉧롏쇓롏쉻롏洧-洧릟,Was machst du?,original,7561683462810286414
19.11.2025 06:59:27,user03,洧내洧냗洧냜-洧뉧롏쇓롏쉻롏洧-洧릠,Wie geht es dir?,original,6732265120924056339
19.11.2025 07:09:30,user12,洧내洧냗洧냜-洧뉧롏쇓롏쉻롏洧-洧릟,Mir geht es gut,original,9618453961597608443
19.11.2025 07:25:38,user40,洧내洧냗洧냜-洧뉧롏쇓롏쉻롏洧,Hast du trainiert?,original,6305402838248876567
19.11.2025 07:26:09,user43,洧내洧냗洧냜-洧뉧롏쇓롏쉻롏洧-洧릠,Hey,original,2658678510665625671
19.11.2025 07:26:54,user19,洧내洧냗洧냜-洧뉧롏쇓롏쉻롏洧,Hallo 游댠,original,3314160418196402051
19.11.2025 07:46:41,user40,洧내洧냗洧냜-洧뉧롏쇓롏쉻롏洧-洧릠,Hi,original,3014736644423054976
19.11.2025 07:59:23,user38,洧내洧냗洧냜-洧뉧롏쇓롏쉻롏洧,Wie geht es dir?,original,1672146582366253336
19.11.2025 08:23:18,user36,洧내洧냗洧냜-洧뉧롏쇓롏쉻롏洧-洧릟,Wie geht es dir?,original,5775785168275765368
19.11.2025 08:52:22,user39,洧내洧냗洧냜-洧뉧롏쇓롏쉻롏洧,Wie geht es dir?,original,9730643115509963984
19.11.2025 08:56:12,user40,洧내洧냗洧냜-洧뉧롏쇓롏쉻롏洧,Interessant!,bearbeitet,4005845041175999917
19.11.2025 09:03:33,user13,洧내洧냗洧냜-洧뉧롏쇓롏쉻롏洧,Was machst du? 游땍,bearbeitet,2333822706219590095
19.11.2025 09:26:58,user44,洧내洧냗洧냜-洧뉧롏쇓롏쉻롏洧-洧릠,Das ist lustig 游땍,original,5008866015221104748
19.11.2025 09:27:22,user22,洧내洧냗洧냜-洧뉧롏쇓롏쉻롏洧,Mir geht es gut,original,8364790456569389011
19.11.2025 09:48:08,user18,洧내洧냗洧냜-洧뉧롏쇓롏쉻롏洧,Schau dir das an: https://tenor.com/view/example-gif 游녨,bearbeitet,3161046214280717356
19.11.2025 10:15:36,user35,洧내洧냗洧냜-洧뉧롏쇓롏쉻롏洧-洧릟,Keine Ahnung 游뱂 游땙,original,4985952164622400336
19.11.2025 10:18:26,user37,洧내洧냗洧냜-洧뉧롏쇓롏쉻롏洧-洧릟,Hi 游땙,original,8467965300566916289
19.11.2025 10:45:36,user49,洧내洧냗洧냜-洧뉧롏쇓롏쉻롏洧-洧릠,Hey 游녨,original,2041791158437864230
19.11.2025 10:59:09,user49,洧내洧냗洧냜-洧뉧롏쇓롏쉻롏洧-洧릠,Was machst du?,original,6272967151274739848
19.11.2025 11:00:05,user17,洧내洧냗洧냜-洧뉧롏쇓롏쉻롏洧,Was denkst du dar칲ber? 仇벒잺,bearbeitet,1011932279951357788
19.11.2025 11:09:45,user47,洧내洧냗洧냜-洧뉧롏쇓롏쉻롏洧-洧릠,Alles bestens,original,2626563341383905900
19.11.2025 11:37:34,user43,洧내洧냗洧냜-洧뉧롏쇓롏쉻롏洧-洧릠,Hi 仇벒잺,original,4777853651445225387
19.11.2025 11:49:40,user42,洧내洧냗洧냜-洧뉧롏쇓롏쉻롏洧,Was machst du?,original,7525094036569822231
19.11.2025 12:02:52,user22,洧내洧냗洧냜-洧뉧롏쇓롏쉻롏洧-洧릠,Wie geht es dir? 游뱂,bearbeitet,8993111393065557687
19.11.2025 12:25:00,user42,洧내洧냗洧냜-洧뉧롏쇓롏쉻롏洧-洧릟,Was denkst du dar칲ber? 游눮,bearbeitet,4896221915135222513
19.11.2025 12:48:46,user27,洧내洧냗洧냜-洧뉧롏쇓롏쉻롏洧-洧릠,Was denkst du dar칲ber?,original,9050551711313491004
19.11.2025 13:16:04,user47,洧내洧냗洧냜-洧뉧롏쇓롏쉻롏洧-洧릠,Wie geht es dir? 游눮,original,8172095226125654667
19.11.2025 13:17:09,user38,洧내洧냗洧냜-洧뉧롏쇓롏쉻롏洧-洧릟,Ich mag Z칲ge,original,8329024749971613324
19.11.2025 13:32:30,user36,洧내洧냗洧냜-洧뉧롏쇓롏쉻롏洧-洧릠,Was denkst du dar칲ber?,bearbeitet,9682454901574184607
19.11.2025 13:34:52,user02,洧내洧냗洧냜-洧뉧롏쇓롏쉻롏洧-洧릠,Keine Ahnung 游뱂,bearbeitet,9833877703249613233
19.11.2025 13:54:38,user23,洧내洧냗洧냜-洧뉧롏쇓롏쉻롏洧-洧릠,Hast du trainiert? 仇벒잺,original,9152881785742342292
19.11.2025 14:01:18,user18,洧내洧냗洧냜-洧뉧롏쇓롏쉻롏洧-洧릟,Das ist lustig 游땍 游댠,bearbeitet,1709301886908242267
19.11.2025 14:15:06,user46,洧내洧냗洧냜-洧뉧롏쇓롏쉻롏洧,Was machst du? 游뱂,original,4859333989045881209
19.11.2025 14:21:49,user19,洧내洧냗洧냜-洧뉧롏쇓롏쉻롏洧,Wie geht es dir?,original,6141788551496611658
19.11.2025 14:41:34,user12,洧내洧냗洧냜-洧뉧롏쇓롏쉻롏洧-洧릠,Was denkst du dar칲ber?,original,3514657195264852192
19.11.2025 14:57:18,user27,洧내洧냗洧냜-洧뉧롏쇓롏쉻롏洧-洧릠,Hallo 游땙,bearbeitet,5372579625720106767
19.11.2025 15:26:48,user34,洧내洧냗洧냜-洧뉧롏쇓롏쉻롏洧,Keine Ahnung 游뱂 游눮,original,3830527427455606268
19.11.2025 15:43:25,user28,洧내洧냗洧냜-洧뉧롏쇓롏쉻롏洧,Was machst du?,original,5642531400911854679
19.11.2025 15:47:47,user38,洧내洧냗洧냜-洧뉧롏쇓롏쉻롏洧,Guten Tag 仇벒잺,gel칬scht,2158645912558972171
19.11.2025 16:13:04,user06,洧내洧냗洧냜-洧뉧롏쇓롏쉻롏洧-洧릠,Ich stimme zu,original,5055983231476165780
19.11.2025 16:23:19,user08,洧내洧냗洧냜-洧뉧롏쇓롏쉻롏洧,Interessant!,original,8732409215440800347
19.11.2025 16:50:52,user35,洧내洧냗洧냜-洧뉧롏쇓롏쉻롏洧-洧릟,Hast du trainiert?,bearbeitet,2846786557584637074
19.11.2025 16:51:13,user06,洧내洧냗洧냜-洧뉧롏쇓롏쉻롏洧,Was machst du?,original,1258193426676295922
19.11.2025 17:04:47,user05,洧내洧냗洧냜-洧뉧롏쇓롏쉻롏洧-洧릟,Wie geht es dir? 游,original,9037629045897514571
19.11.2025 17:19:06,user46,洧내洧냗洧냜-洧뉧롏쇓롏쉻롏洧,Hallo 游녨,original,1580500480720054522
19.11.2025 17:22:31,user03,洧내洧냗洧냜-洧뉧롏쇓롏쉻롏洧,Was machst du?,original,9378267823605154562
19.11.2025 17:26:04,user09,洧내洧냗洧냜-洧뉧롏쇓롏쉻롏洧,Was denkst du dar칲ber?,original,2272235852201424233
19.11.2025 17:54:55,user33,洧내洧냗洧냜-洧뉧롏쇓롏쉻롏洧-洧릠,Hast du trainiert?,original,4635319171223828168
19.11.2025 18:01:05,user18,洧내洧냗洧냜-洧뉧롏쇓롏쉻롏洧-洧릟,Was machst du? 游,original,7618848009025459720
19.11.2025 18:27:24,user23,洧내洧냗洧냜-洧뉧롏쇓롏쉻롏洧-洧릟,Hallo,bearbeitet,7141758287991197881
19.11.2025 18:29:11,user47,洧내洧냗洧냜-洧뉧롏쇓롏쉻롏洧-洧릟,Interessant!,original,5919042880431437722
19.11.2025 18:30:36,user43,洧내洧냗洧냜-洧뉧롏쇓롏쉻롏洧-洧릟,Was denkst du dar칲ber? 仇벒잺,bearbeitet,5832998879979972201
19.11.2025 18:41:28,user02,洧내洧냗洧냜-洧뉧롏쇓롏쉻롏洧-洧릟,Keine Ahnung 游뱂,original,4051740394752390662
19.11.2025 19:05:15,user30,洧내洧냗洧냜-洧뉧롏쇓롏쉻롏洧,Was denkst du dar칲ber?,original,6400140811671252039
19.11.2025 19:17:45,user37,洧내洧냗洧냜-洧뉧롏쇓롏쉻롏洧-洧릟,Alles bestens 游눮,original,8051122202752551508
19.11.2025 19:33:46,user24,洧내洧냗洧냜-洧뉧롏쇓롏쉻롏洧-洧릟,Keine Ahnung 游뱂,gel칬scht,5047761883985057849
19.11.2025 19:45:16,user11,洧내洧냗洧냜-洧뉧롏쇓롏쉻롏洧-洧릠,Guten Tag,bearbeitet,3652131748895894220
19.11.2025 19:51:35,user20,洧내洧냗洧냜-洧뉧롏쇓롏쉻롏洧-洧릟,Guten Tag,gel칬scht,7044372828079943037
19.11.2025 19:55:35,user47,洧내洧냗洧냜-洧뉧롏쇓롏쉻롏洧-洧릠,Was denkst du dar칲ber?,bearbeitet,4833536372158794908
19.11.2025 20:22:26,user31,洧내洧냗洧냜-洧뉧롏쇓롏쉻롏洧-洧릠,Was denkst du dar칲ber? 仇벒잺,original,8809282676523295663
19.11.2025 20:29:08,user26,洧내洧냗洧냜-洧뉧롏쇓롏쉻롏洧-洧릟,Wie geht es dir?,original,1334102473656217905
19.11.2025 20:34:19,user25,洧내洧냗洧냜-洧뉧롏쇓롏쉻롏洧-洧릠,Wie geht es dir? 仇벒잺,original,6452163584560384665
19.11.2025 20:35:38,user50,洧내洧냗洧냜-洧뉧롏쇓롏쉻롏洧-洧릠,Guten Tag,original,7013092399746009936
19.11.2025 20:52:19,user23,洧내洧냗洧냜-洧뉧롏쇓롏쉻롏洧-洧릠,Schau dir das an: https://tenor.com/view/example-gif 仇벒잺,bearbeitet,1690186108424347615
19.11.2025 21:13:23,user18,洧내洧냗洧냜-洧뉧롏쇓롏쉻롏洧-洧릟,Hast du trainiert?,gel칬scht,9935853552522326527
19.11.2025 21:33:59,user25,洧내洧냗洧냜-洧뉧롏쇓롏쉻롏洧-洧릠,Mir geht es gut,original,4800984547353281722
19.11.2025 21:37:46,user09,洧내洧냗洧냜-洧뉧롏쇓롏쉻롏洧-洧릠,Hey 游땍,original,9797363003316794147
19.11.2025 21:59:25,user33,洧내洧냗洧냜-洧뉧롏쇓롏쉻롏洧,Wie geht es dir?,original,9487036115197920416
19.11.2025 22:21:25,user26,洧내洧냗洧냜-洧뉧롏쇓롏쉻롏洧-洧릟,Hey,bearbeitet,7435029848375985250
19.11.2025 22:33:43,user47,洧내洧냗洧냜-洧뉧롏쇓롏쉻롏洧,Guten Tag,original,5272406239881524956
19.11.2025 23:01:11,user08,洧내洧냗洧냜-洧뉧롏쇓롏쉻롏洧-洧릟,Ich stimme zu,original,1137188069271494827
19.11.2025 23:04:17,user18,洧내洧냗洧냜-洧뉧롏쇓롏쉻롏洧-洧릠,Hey,original,6190894796153848734
19.11.2025 23:07:22,user01,洧내洧냗洧냜-洧뉧롏쇓롏쉻롏洧-洧릟,Was denkst du dar칲ber?,original,2980711964963647792
19.11.2025 23:33:33,user33,洧내洧냗洧냜-洧뉧롏쇓롏쉻롏洧,Wie geht es dir?,gel칬scht,1096923339528544134
19.11.2025 23:54:37,user48,洧내洧냗洧냜-洧뉧롏쇓롏쉻롏洧,Guten Tag,original,4680820076586672285
20.11.2025 00:11:25,user16,洧내洧냗洧냜-洧뉧롏쇓롏쉻롏洧-洧릟,Was machst du?,gel칬scht,2665982265125191700
20.11.2025 00:27:55,user36,洧내洧냗洧냜-洧뉧롏쇓롏쉻롏洧-洧릠,Hallo,bearbeitet,7243934187506554145
20.11.2025 00:33:20,user05,洧내洧냗洧냜-洧뉧롏쇓롏쉻롏洧,Guten Tag 游눮,bearbeitet,3242647996315156757
20.11.2025 01:01:38,user21,洧내洧냗洧냜-洧뉧롏쇓롏쉻롏洧-洧릠,Wie geht es dir? 游녨,gel칬scht,9083281547422498792
20.11.2025 01:07:35,user48,洧내洧냗洧냜-洧뉧롏쇓롏쉻롏洧-洧릠,Ich mag Z칲ge 游댠,original,8453811857569267294
20.11.2025 01:32:12,user25,洧내洧냗洧냜-洧뉧롏쇓롏쉻롏洧-洧릟,Keine Ahnung 游뱂,original,3762909193518850032
20.11.2025 01:59:37,user46,洧내洧냗洧냜-洧뉧롏쇓롏쉻롏洧-洧릠,Was denkst du dar칲ber? 游댠,bearbeitet,4468101382565025611
20.11.2025 02:06:23,user18,洧내洧냗洧냜-洧뉧롏쇓롏쉻롏洧,Ich stimme zu,original,5908103724901128425
20.11.2025 02:20:15,user17,洧내洧냗洧냜-洧뉧롏쇓롏쉻롏洧-洧릠,Was denkst du dar칲ber? 游,original,7987283999422803531
20.11.2025 02:34:59,user25,洧내洧냗洧냜-洧뉧롏쇓롏쉻롏洧-洧릠,Was denkst du dar칲ber?,gel칬scht,4700913028894631725
20.11.2025 02:48:57,user35,洧내洧냗洧냜-洧뉧롏쇓롏쉻롏洧-洧릟,Was denkst du dar칲ber? 游댠,original,1943936356713014504
20.11.2025 02:58:07,user18,洧내洧냗洧냜-洧뉧롏쇓롏쉻롏洧-洧릟,Interessant!,original,7219885928166655662
20.11.2025 03:20:53,user05,洧내洧냗洧냜-洧뉧롏쇓롏쉻롏洧,Schau dir das an: https://tenor.com/view/example-gif 游뱂,bearbeitet,7580345944885930579
20.11.2025 03:27:20,user50,洧내洧냗洧냜-洧뉧롏쇓롏쉻롏洧-洧릠,Hi,original,7070870995740487920
20.11.2025 03:28:56,user47,洧내洧냗洧냜-洧뉧롏쇓롏쉻롏洧,Ich mag Z칲ge 游,bearbeitet,9135485313928216348
20.11.2025 03:47:10,user26,洧내洧냗洧냜-洧뉧롏쇓롏쉻롏洧,Was denkst du dar칲ber? 仇벒잺,original,5226179486108979582
20.11.2025 04:16:51,user30,洧내洧냗洧냜-洧뉧롏쇓롏쉻롏洧,Hey,original,4013807974196678276
20.11.2025 04:24:42,user07,洧내洧냗洧냜-洧뉧롏쇓롏쉻롏洧-洧릠,Mir geht es gut,original,4107232839387097166
20.11.2025 04:50:37,user33,洧내洧냗洧냜-洧뉧롏쇓롏쉻롏洧-洧릟,Hast du trainiert?,original,1449944532091775696
20.11.2025 04:54:37,user09,洧내洧냗洧냜-洧뉧롏쇓롏쉻롏洧-洧릟,Wie geht es dir?,original,3489812863149445614
20.11.2025 05:24:29,user23,洧내洧냗洧냜-洧뉧롏쇓롏쉻롏洧,Keine Ahnung 游뱂,original,2631426098237287015
20.11.2025 05:34:23,user02,洧내洧냗洧냜-洧뉧롏쇓롏쉻롏洧-洧릟,Mir geht es gut 游눮,original,7907088757007418539
20.11.2025 05:44:08,user44,洧내洧냗洧냜-洧뉧롏쇓롏쉻롏洧-洧릟,Wie geht es dir?,original,5800596714178422184
20.11.2025 05:56:06,user38,洧내洧냗洧냜-洧뉧롏쇓롏쉻롏洧-洧릟,Hast du trainiert?,bearbeitet,3413290067554221368
20.11.2025 06:06:51,user26,洧내洧냗洧냜-洧뉧롏쇓롏쉻롏洧,Wie geht es dir?,original,3821954405998070372
20.11.2025 06:18:01,user13,洧내洧냗洧냜-洧뉧롏쇓롏쉻롏洧,Alles bestens,original,7893163994422762938
20.11.2025 06:33:24,user29,洧내洧냗洧냜-洧뉧롏쇓롏쉻롏洧,Ich mag Z칲ge,original,1246756347695641841
20.11.2025 06:51:50,user29,洧내洧냗洧냜-洧뉧롏쇓롏쉻롏洧-洧릠,Wie geht es dir?,bearbeitet,1251345922145398764
20.11.2025 07:15:14,user04,洧내洧냗洧냜-洧뉧롏쇓롏쉻롏洧-洧릠,Keine Ahnung 游뱂,original,3209518339925151908
20.11.2025 07:34:45,user39,洧내洧냗洧냜-洧뉧롏쇓롏쉻롏洧-洧릠,Was machst du?,original,8565879005644426771
20.11.2025 08:00:12,user48,洧내洧냗洧냜-洧뉧롏쇓롏쉻롏洧-洧릠,Keine Ahnung 游뱂,original,4152779388922846316
20.11.2025 08:11:29,user10,洧내洧냗洧냜-洧뉧롏쇓롏쉻롏洧-洧릠,Alles bestens,original,8638861102103670160
20.11.2025 08:32:59,user42,洧내洧냗洧냜-洧뉧롏쇓롏쉻롏洧,Guten Tag,original,3299479782446726361
20.11.2025 08:33:53,user29,洧내洧냗洧냜-洧뉧롏쇓롏쉻롏洧-洧릟,Was denkst du dar칲ber? 游땍,original,3990588111814290895
20.11.2025 08:52:14,user20,洧내洧냗洧냜-洧뉧롏쇓롏쉻롏洧,Hast du trainiert? 游땙,bearbeitet,9952398956899166981
20.11.2025 09:14:28,user21,洧내洧냗洧냜-洧뉧롏쇓롏쉻롏洧,Hast du trainiert?,original,9203278594697747149
20.11.2025 09:39:00,user25,洧내洧냗洧냜-洧뉧롏쇓롏쉻롏洧-洧릠,Schau dir das an: https://tenor.com/view/example-gif,original,8725699958440334958
20.11.2025 10:04:42,user19,洧내洧냗洧냜-洧뉧롏쇓롏쉻롏洧,Hast du trainiert?,original,9060041437770299084
20.11.2025 10:30:39,user16,洧내洧냗洧냜-洧뉧롏쇓롏쉻롏洧-洧릠,Ich mag Z칲ge,original,7540940557565025062
20.11.2025 10:38:34,user04,洧내洧냗洧냜-洧뉧롏쇓롏쉻롏洧,Hast du trainiert?,original,8148286636445711883
20.11.2025 10:41:52,user05,洧내洧냗洧냜-洧뉧롏쇓롏쉻롏洧,Keine Ahnung 游뱂,original,5118821196886809180
20.11.2025 11:06:02,user47,洧내洧냗洧냜-洧뉧롏쇓롏쉻롏洧-洧릟,Mir geht es gut,original,6011774713581318970
20.11.2025 11:34:10,user13,洧내洧냗洧냜-洧뉧롏쇓롏쉻롏洧-洧릠,Alles bestens,original,4772096518469402647
20.11.2025 11:35:03,user40,洧내洧냗洧냜-洧뉧롏쇓롏쉻롏洧,Was denkst du dar칲ber?,original,1091488044073639948
20.11.2025 11:49:06,user25,洧내洧냗洧냜-洧뉧롏쇓롏쉻롏洧,Ich stimme zu,original,6580946848213467069
20.11.2025 11:52:42,user34,洧내洧냗洧냜-洧뉧롏쇓롏쉻롏洧-洧릠,Was machst du?,gel칬scht,7831544205463594137
20.11.2025 11:58:04,user04,洧내洧냗洧냜-洧뉧롏쇓롏쉻롏洧-洧릟,Was machst du?,original,6331418293161494262
20.11.2025 12:22:21,user49,洧내洧냗洧냜-洧뉧롏쇓롏쉻롏洧,Was machst du? 游녨,bearbeitet,6222998263763835758
20.11.2025 12:38:06,user30,洧내洧냗洧냜-洧뉧롏쇓롏쉻롏洧,Alles bestens 游뱂,bearbeitet,9776550212946005313
20.11.2025 13:03:13,user05,洧내洧냗洧냜-洧뉧롏쇓롏쉻롏洧-洧릠,Hast du trainiert?,original,1590282788683173230
20.11.2025 13:27:25,user01,洧내洧냗洧냜-洧뉧롏쇓롏쉻롏洧,Hallo 游녨,bearbeitet,9056019695686180928
20.11.2025 13:38:38,user05,洧내洧냗洧냜-洧뉧롏쇓롏쉻롏洧-洧릟,Was denkst du dar칲ber?,gel칬scht,5752459793746809255
20.11.2025 14:02:27,user21,洧내洧냗洧냜-洧뉧롏쇓롏쉻롏洧-洧릟,Guten Tag,original,7492285633555066301
20.11.2025 14:22:50,user33,洧내洧냗洧냜-洧뉧롏쇓롏쉻롏洧,Hast du trainiert?,gel칬scht,8548948651723004055
20.11.2025 14:34:03,user14,洧내洧냗洧냜-洧뉧롏쇓롏쉻롏洧-洧릟,Interessant! 游,original,9775935741093563161
20.11.2025 14:51:37,user39,洧내洧냗洧냜-洧뉧롏쇓롏쉻롏洧,Was machst du? 游땙,original,8075842840429999346
20.11.2025 14:58:05,user29,洧내洧냗洧냜-洧뉧롏쇓롏쉻롏洧,Mir geht es gut,original,2001302058050041871
20.11.2025 15:03:35,user23,洧내洧냗洧냜-洧뉧롏쇓롏쉻롏洧-洧릠,Guten Tag,original,5600628564266448391
20.11.2025 15:24:19,user05,洧내洧냗洧냜-洧뉧롏쇓롏쉻롏洧,Hast du trainiert?,original,6298352383265719619
20.11.2025 15:31:59,user07,洧내洧냗洧냜-洧뉧롏쇓롏쉻롏洧,Was denkst du dar칲ber?,original,7365032677607601270
20.11.2025 15:45:56,user26,洧내洧냗洧냜-洧뉧롏쇓롏쉻롏洧-洧릟,Was denkst du dar칲ber?,original,9566896191072223546
20.11.2025 15:49:37,user22,洧내洧냗洧냜-洧뉧롏쇓롏쉻롏洧,Was machst du?,original,4940334782939070058
20.11.2025 16:08:38,user21,洧내洧냗洧냜-洧뉧롏쇓롏쉻롏洧-洧릠,Hast du trainiert? 游땍,original,6230858362733435386
20.11.2025 16:37:13,user10,洧내洧냗洧냜-洧뉧롏쇓롏쉻롏洧-洧릠,Was machst du?,original,4595044633641838594
20.11.2025 17:06:28,user07,洧내洧냗洧냜-洧뉧롏쇓롏쉻롏洧,Was denkst du dar칲ber?,original,2837172196648403871
20.11.2025 17:08:05,user32,洧내洧냗洧냜-洧뉧롏쇓롏쉻롏洧-洧릟,Was denkst du dar칲ber?,bearbeitet,7234624802344530422
20.11.2025 17:22:34,user17,洧내洧냗洧냜-洧뉧롏쇓롏쉻롏洧-洧릟,Interessant!,gel칬scht,3799090419695211881
20.11.2025 17:33:32,user34,洧내洧냗洧냜-洧뉧롏쇓롏쉻롏洧-洧릟,Wie geht es dir?,original,5175670255365594103
20.11.2025 17:42:13,user09,洧내洧냗洧냜-洧뉧롏쇓롏쉻롏洧-洧릠,Hey 游댠,bearbeitet,6816574309791041819
20.11.2025 18:02:27,user46,洧내洧냗洧냜-洧뉧롏쇓롏쉻롏洧-洧릟,Hallo,bearbeitet,5973048700765866417
20.11.2025 18:24:58,user04,洧내洧냗洧냜-洧뉧롏쇓롏쉻롏洧,Hi,original,4745441822082053812
20.11.2025 18:41:57,user15,洧내洧냗洧냜-洧뉧롏쇓롏쉻롏洧-洧릟,Was denkst du dar칲ber?,original,9669683120483964593
20.11.2025 18:46:03,user48,洧내洧냗洧냜-洧뉧롏쇓롏쉻롏洧,Wie geht es dir?,original,2550941377604826141
20.11.2025 19:16:01,user14,洧내洧냗洧냜-洧뉧롏쇓롏쉻롏洧,Keine Ahnung 游뱂,original,1292147955807787155
20.11.2025 19:19:47,user04,洧내洧냗洧냜-洧뉧롏쇓롏쉻롏洧,Hast du trainiert? 仇벒잺,original,5613969783253398699
20.11.2025 19:46:30,user08,洧내洧냗洧냜-洧뉧롏쇓롏쉻롏洧-洧릟,Guten Tag,original,2010271716703927759
20.11.2025 19:53:58,user27,洧내洧냗洧냜-洧뉧롏쇓롏쉻롏洧,Hallo 游땍,original,7689973585446407694
20.11.2025 20:20:54,user28,洧내洧냗洧냜-洧뉧롏쇓롏쉻롏洧-洧릠,Hallo,original,5583971224019989008
20.11.2025 20:28:06,user30,洧내洧냗洧냜-洧뉧롏쇓롏쉻롏洧,Wie geht es dir?,original,4263147228645587110
20.11.2025 20:57:53,user19,洧내洧냗洧냜-洧뉧롏쇓롏쉻롏洧-洧릠,Wie geht es dir?,bearbeitet,2607590272298460755
20.11.2025 20:58:57,user07,洧내洧냗洧냜-洧뉧롏쇓롏쉻롏洧-洧릠,Interessant! 游,original,1212049136789871980
20.11.2025 20:59:27,user21,洧내洧냗洧냜-洧뉧롏쇓롏쉻롏洧-洧릠,Wie geht es dir?,original,2434925394761255711
20.11.2025 21:15:14,user26,洧내洧냗洧냜-洧뉧롏쇓롏쉻롏洧-洧릠,Ich stimme zu,bearbeitet,6658902048214958869
20.11.2025 21:35:57,user41,洧내洧냗洧냜-洧뉧롏쇓롏쉻롏洧-洧릟,Was machst du?,original,2271116068224256993
20.11.2025 21:58:29,user23,洧내洧냗洧냜-洧뉧롏쇓롏쉻롏洧,Schau dir das an: https://tenor.com/view/example-gif,original,4146597447537939450
20.11.2025 22:03:32,user33,洧내洧냗洧냜-洧뉧롏쇓롏쉻롏洧,Wie geht es dir? 仇벒잺,original,7448683912446387580
20.11.2025 22:18:06,user29,洧내洧냗洧냜-洧뉧롏쇓롏쉻롏洧-洧릠,Hast du trainiert? 游,bearbeitet,5158950473419605101
20.11.2025 22:44:07,user34,洧내洧냗洧냜-洧뉧롏쇓롏쉻롏洧,Was denkst du dar칲ber?,bearbeitet,5367301761773290060
20.11.2025 22:50:18,user10,洧내洧냗洧냜-洧뉧롏쇓롏쉻롏洧-洧릟,Was machst du?,original,5805087039570281075
20.11.2025 22:57:52,user33,洧내洧냗洧냜-洧뉧롏쇓롏쉻롏洧-洧릠,Ich mag Z칲ge,original,8560196738457657038
20.11.2025 23:26:52,user21,洧내洧냗洧냜-洧뉧롏쇓롏쉻롏洧-洧릟,Hi 游댠,gel칬scht,5462937301366795555
20.11.2025 23:52:22,user37,洧내洧냗洧냜-洧뉧롏쇓롏쉻롏洧-洧릟,Was denkst du dar칲ber?,original,4158976498457994142
20.11.2025 23:58:49,user45,洧내洧냗洧냜-洧뉧롏쇓롏쉻롏洧,Was denkst du dar칲ber?,original,1217379037680843935
21.11.2025 00:25:53,user42,洧내洧냗洧냜-洧뉧롏쇓롏쉻롏洧-洧릠,Ich mag Z칲ge,bearbeitet,8551211724427057167
21.11.2025 00:49:23,user26,洧내洧냗洧냜-洧뉧롏쇓롏쉻롏洧-洧릠,Hast du trainiert?,original,5282014990088536384
21.11.2025 01:02:19,user37,洧내洧냗洧냜-洧뉧롏쇓롏쉻롏洧,Wie geht es dir?,original,9066745723181554454
21.11.2025 01:14:31,user35,洧내洧냗洧냜-洧뉧롏쇓롏쉻롏洧,Schau dir das an: https://tenor.com/view/example-gif,original,9357124033649378225
21.11.2025 01:41:48,user08,洧내洧냗洧냜-洧뉧롏쇓롏쉻롏洧-洧릟,Das ist lustig 游땍 游,bearbeitet,3680003439313336101
21.11.2025 02:03:15,user31,洧내洧냗洧냜-洧뉧롏쇓롏쉻롏洧,Was denkst du dar칲ber?,original,4300429791937892373
21.11.2025 02:24:03,user38,洧내洧냗洧냜-洧뉧롏쇓롏쉻롏洧-洧릠,Was denkst du dar칲ber?,original,7939618410926087385
21.11.2025 02:27:00,user14,洧내洧냗洧냜-洧뉧롏쇓롏쉻롏洧-洧릟,Schau dir das an: https://tenor.com/view/example-gif,original,7127277641628367463
21.11.2025 02:40:34,user16,洧내洧냗洧냜-洧뉧롏쇓롏쉻롏洧,Was machst du? 游땙,original,5933314655784855280
21.11.2025 03:06:19,user32,洧내洧냗洧냜-洧뉧롏쇓롏쉻롏洧-洧릠,Was denkst du dar칲ber?,original,2096689181978334279
21.11.2025 03:18:31,user17,洧내洧냗洧냜-洧뉧롏쇓롏쉻롏洧,Wie geht es dir?,original,9341829936588565828
21.11.2025 03:30:46,user45,洧내洧냗洧냜-洧뉧롏쇓롏쉻롏洧-洧릠,Wie geht es dir?,gel칬scht,9073250074119001748
21.11.2025 03:48:04,user24,洧내洧냗洧냜-洧뉧롏쇓롏쉻롏洧-洧릟,Hast du trainiert? 游녨,original,7560809826742335443
21.11.2025 04:01:53,user39,洧내洧냗洧냜-洧뉧롏쇓롏쉻롏洧-洧릠,Hast du trainiert?,original,1948781850980112674
21.11.2025 04:16:23,user02,洧내洧냗洧냜-洧뉧롏쇓롏쉻롏洧-洧릠,Was machst du? 游눮,original,4917416987312009250
21.11.2025 04:39:23,user19,洧내洧냗洧냜-洧뉧롏쇓롏쉻롏洧,Was machst du? 游댠,original,3173815483777645516
21.11.2025 05:01:13,user02,洧내洧냗洧냜-洧뉧롏쇓롏쉻롏洧-洧릟,Hi,original,3650493079973151765
21.11.2025 05:05:15,user18,洧내洧냗洧냜-洧뉧롏쇓롏쉻롏洧-洧릠,Wie geht es dir? 游녨,original,7119107907288231871
21.11.2025 05:24:41,user47,洧내洧냗洧냜-洧뉧롏쇓롏쉻롏洧-洧릠,Was denkst du dar칲ber? 游댠,bearbeitet,7589891326924903046
21.11.2025 05:54:20,user48,洧내洧냗洧냜-洧뉧롏쇓롏쉻롏洧,Hast du trainiert? 游눮,original,1743636974618171428
21.11.2025 06:01:41,user45,洧내洧냗洧냜-洧뉧롏쇓롏쉻롏洧-洧릟,Wie geht es dir?,gel칬scht,9855531269926779235